City,Query,Language,Intent,Suggested primary page,Priority,Result status,Observed organic results,Position 1 domain,Position 2 domain,Position 3 domain,Google query URL (live not a preserved snapshot),Notes
Jeddah,رفوف مستودعات جدة,ar,Warehouse/storage commercial,/jeddah,P0 high commercial,Success,8,sadr.com.sa,rfcosa.com,haraj.com.sa,https://www.google.com/search?q=%D8%B1%D9%81%D9%88%D9%81+%D9%85%D8%B3%D8%AA%D9%88%D8%AF%D8%B9%D8%A7%D8%AA+%D8%AC%D8%AF%D8%A9&gl=sa&hl=ar,SERP positions fluctuate
Jeddah,رفوف تخزين جدة,ar,Warehouse/storage commercial,/jeddah,P2 supporting,Success,7,jst.sa,rfcosa.com,krfof.com,https://www.google.com/search?q=%D8%B1%D9%81%D9%88%D9%81+%D8%AA%D8%AE%D8%B2%D9%8A%D9%86+%D8%AC%D8%AF%D8%A9&gl=sa&hl=ar,SERP positions fluctuate
Jeddah,رفوف سوبر ماركت جدة,ar,Retail/sector,/retail-shelving,P1 targeted,Success,9,rfcosa.com,haraj.com.sa,sadr.com.sa,https://www.google.com/search?q=%D8%B1%D9%81%D9%88%D9%81+%D8%B3%D9%88%D8%A8%D8%B1+%D9%85%D8%A7%D8%B1%D9%83%D8%AA+%D8%AC%D8%AF%D8%A9&gl=sa&hl=ar,SERP positions fluctuate
Jeddah,رفوف بقالات جدة,ar,Retail/sector,/retail-shelving,P1 targeted,Success,8,haraj.com.sa,rfcosa.com,lmst-areej.sa,https://www.google.com/search?q=%D8%B1%D9%81%D9%88%D9%81+%D8%A8%D9%82%D8%A7%D9%84%D8%A7%D8%AA+%D8%AC%D8%AF%D8%A9&gl=sa&hl=ar,SERP positions fluctuate
Jeddah,رفوف صيدليات جدة,ar,Retail/sector,/retail-shelving,P1 targeted,Success,9,haraj.com.sa,instagram.com,alyarmuk.net,https://www.google.com/search?q=%D8%B1%D9%81%D9%88%D9%81+%D8%B5%D9%8A%D8%AF%D9%84%D9%8A%D8%A7%D8%AA+%D8%AC%D8%AF%D8%A9&gl=sa&hl=ar,SERP positions fluctuate
Jeddah,تجهيز محلات جدة,ar,Service/provider,/sectors,P2 supporting,Success,9,lmst-areej.sa,haraj.com.sa,jst.sa,https://www.google.com/search?q=%D8%AA%D8%AC%D9%87%D9%8A%D8%B2+%D9%85%D8%AD%D9%84%D8%A7%D8%AA+%D8%AC%D8%AF%D8%A9&gl=sa&hl=ar,SERP positions fluctuate
Jeddah,warehouse racking Jeddah,en,Warehouse/storage commercial,/warehouse-racking,P0 high commercial,Success,9,alesayistorage.com,muqawiloon.com,topracksa.com,https://www.google.com/search?q=warehouse+racking+Jeddah&gl=sa&hl=en,Verify English language page availability
Riyadh,رفوف مستودعات الرياض,ar,Warehouse/storage commercial,/riyadh,P0 high commercial,Success,8,arfaf-ksa.com,krfof.com,facebook.com,https://www.google.com/search?q=%D8%B1%D9%81%D9%88%D9%81+%D9%85%D8%B3%D8%AA%D9%88%D8%AF%D8%B9%D8%A7%D8%AA+%D8%A7%D9%84%D8%B1%D9%8A%D8%A7%D8%B6&gl=sa&hl=ar,SERP positions fluctuate
Riyadh,رفوف تخزين الرياض,ar,Warehouse/storage commercial,/riyadh,P2 supporting,Success,5,krfof.com,shelv23.com,rfcosa.com,https://www.google.com/search?q=%D8%B1%D9%81%D9%88%D9%81+%D8%AA%D8%AE%D8%B2%D9%8A%D9%86+%D8%A7%D9%84%D8%B1%D9%8A%D8%A7%D8%B6&gl=sa&hl=ar,SERP positions fluctuate
Riyadh,رفوف سوبر ماركت الرياض,ar,Retail/sector,/retail-shelving,P1 targeted,Success,9,rfcosa.com,haraj.com.sa,facebook.com,https://www.google.com/search?q=%D8%B1%D9%81%D9%88%D9%81+%D8%B3%D9%88%D8%A8%D8%B1+%D9%85%D8%A7%D8%B1%D9%83%D8%AA+%D8%A7%D9%84%D8%B1%D9%8A%D8%A7%D8%B6&gl=sa&hl=ar,SERP positions fluctuate
Riyadh,رفوف بقالات الرياض,ar,Retail/sector,/retail-shelving,P1 targeted,Success,8,haraj.com.sa,facebook.com,haraj.cc,https://www.google.com/search?q=%D8%B1%D9%81%D9%88%D9%81+%D8%A8%D9%82%D8%A7%D9%84%D8%A7%D8%AA+%D8%A7%D9%84%D8%B1%D9%8A%D8%A7%D8%B6&gl=sa&hl=ar,SERP positions fluctuate
Riyadh,رفوف صيدليات الرياض,ar,Retail/sector,/retail-shelving,P1 targeted,Success,9,alyarmuk.net,haraj.com.sa,rufuft5zen.com,https://www.google.com/search?q=%D8%B1%D9%81%D9%88%D9%81+%D8%B5%D9%8A%D8%AF%D9%84%D9%8A%D8%A7%D8%AA+%D8%A7%D9%84%D8%B1%D9%8A%D8%A7%D8%B6&gl=sa&hl=ar,SERP positions fluctuate
Riyadh,تجهيز محلات الرياض,ar,Service/provider,/sectors,P2 supporting,Success,9,haraj.com.sa,rfcosa.com,ksa-decor.com,https://www.google.com/search?q=%D8%AA%D8%AC%D9%87%D9%8A%D8%B2+%D9%85%D8%AD%D9%84%D8%A7%D8%AA+%D8%A7%D9%84%D8%B1%D9%8A%D8%A7%D8%B6&gl=sa&hl=ar,SERP positions fluctuate
Riyadh,warehouse racking Riyadh,en,Warehouse/storage commercial,/warehouse-racking,P0 high commercial,Success,9,alesayistorage.com,sadr.com.sa,topracksa.com,https://www.google.com/search?q=warehouse+racking+Riyadh&gl=sa&hl=en,Verify English language page availability
Jeddah,رفوف طبالي جدة,ar,Industrial system-specific,/warehouse-racking,P1 targeted,Success,7,rfufco.com.sa,topracksa.com,haraj.com.sa,https://www.google.com/search?q=%D8%B1%D9%81%D9%88%D9%81+%D8%B7%D8%A8%D8%A7%D9%84%D9%8A+%D8%AC%D8%AF%D8%A9&gl=sa&hl=ar,SERP positions fluctuate
Riyadh,رفوف طبالي الرياض,ar,Industrial system-specific,/warehouse-racking,P1 targeted,Success,7,rfufco.com.sa,topracksa.com,haraj.com.sa,https://www.google.com/search?q=%D8%B1%D9%81%D9%88%D9%81+%D8%B7%D8%A8%D8%A7%D9%84%D9%8A+%D8%A7%D9%84%D8%B1%D9%8A%D8%A7%D8%B6&gl=sa&hl=ar,SERP positions fluctuate
Jeddah,رفوف مستودعات ثقيلة جدة,ar,Industrial system-specific,/warehouse-racking,P2 supporting,Success,7,krfof.com,sadr.com.sa,jst.sa,https://www.google.com/search?q=%D8%B1%D9%81%D9%88%D9%81+%D9%85%D8%B3%D8%AA%D9%88%D8%AF%D8%B9%D8%A7%D8%AA+%D8%AB%D9%82%D9%8A%D9%84%D8%A9+%D8%AC%D8%AF%D8%A9&gl=sa&hl=ar,SERP positions fluctuate
Riyadh,رفوف مستودعات ثقيلة الرياض,ar,Industrial system-specific,/warehouse-racking,P2 supporting,Success,7,krfof.com,krfof.com,ksa-decor.com,https://www.google.com/search?q=%D8%B1%D9%81%D9%88%D9%81+%D9%85%D8%B3%D8%AA%D9%88%D8%AF%D8%B9%D8%A7%D8%AA+%D8%AB%D9%82%D9%8A%D9%84%D8%A9+%D8%A7%D9%84%D8%B1%D9%8A%D8%A7%D8%B6&gl=sa&hl=ar,SERP positions fluctuate
Jeddah,تركيب رفوف مستودعات جدة,ar,Service/provider,/jeddah,P0 high commercial,Success,7,sadr.com.sa,arfaf-ksa.com,krfof.com,https://www.google.com/search?q=%D8%AA%D8%B1%D9%83%D9%8A%D8%A8+%D8%B1%D9%81%D9%88%D9%81+%D9%85%D8%B3%D8%AA%D9%88%D8%AF%D8%B9%D8%A7%D8%AA+%D8%AC%D8%AF%D8%A9&gl=sa&hl=ar,SERP positions fluctuate
Riyadh,تركيب رفوف مستودعات الرياض,ar,Service/provider,/riyadh,P0 high commercial,Success,7,haraj.com.sa,krfof.com,topracksa.com,https://www.google.com/search?q=%D8%AA%D8%B1%D9%83%D9%8A%D8%A8+%D8%B1%D9%81%D9%88%D9%81+%D9%85%D8%B3%D8%AA%D9%88%D8%AF%D8%B9%D8%A7%D8%AA+%D8%A7%D9%84%D8%B1%D9%8A%D8%A7%D8%B6&gl=sa&hl=ar,SERP positions fluctuate
Jeddah,شركات رفوف مستودعات جدة,ar,Service/provider,/jeddah,P0 high commercial,Success,7,sadr.com.sa,krfof.com,rfufco.com.sa,https://www.google.com/search?q=%D8%B4%D8%B1%D9%83%D8%A7%D8%AA+%D8%B1%D9%81%D9%88%D9%81+%D9%85%D8%B3%D8%AA%D9%88%D8%AF%D8%B9%D8%A7%D8%AA+%D8%AC%D8%AF%D8%A9&gl=sa&hl=ar,SERP positions fluctuate
Riyadh,شركات رفوف مستودعات الرياض,ar,Service/provider,/riyadh,P0 high commercial,Success,7,krfof.com,rfufco.com.sa,arfaf-ksa.com,https://www.google.com/search?q=%D8%B4%D8%B1%D9%83%D8%A7%D8%AA+%D8%B1%D9%81%D9%88%D9%81+%D9%85%D8%B3%D8%AA%D9%88%D8%AF%D8%B9%D8%A7%D8%AA+%D8%A7%D9%84%D8%B1%D9%8A%D8%A7%D8%B6&gl=sa&hl=ar,SERP positions fluctuate
Jeddah,تجهيز سوبر ماركت جدة,ar,Service/provider,/retail-shelving,P0 high commercial,Success,7,taghezaat.com,rfcosa.com,haraj.com.sa,https://www.google.com/search?q=%D8%AA%D8%AC%D9%87%D9%8A%D8%B2+%D8%B3%D9%88%D8%A8%D8%B1+%D9%85%D8%A7%D8%B1%D9%83%D8%AA+%D8%AC%D8%AF%D8%A9&gl=sa&hl=ar,SERP positions fluctuate
Riyadh,تجهيز سوبر ماركت الرياض,ar,Service/provider,/retail-shelving,P0 high commercial,Success,7,taghezaat.com,rfcosa.com,egytrade.com,https://www.google.com/search?q=%D8%AA%D8%AC%D9%87%D9%8A%D8%B2+%D8%B3%D9%88%D8%A8%D8%B1+%D9%85%D8%A7%D8%B1%D9%83%D8%AA+%D8%A7%D9%84%D8%B1%D9%8A%D8%A7%D8%B6&gl=sa&hl=ar,SERP positions fluctuate
Jeddah,تجهيز بقالات جدة,ar,Service/provider,/retail-shelving,P1 targeted,Success,7,haraj.com.sa,rfcosa.com,taghezaat.com,https://www.google.com/search?q=%D8%AA%D8%AC%D9%87%D9%8A%D8%B2+%D8%A8%D9%82%D8%A7%D9%84%D8%A7%D8%AA+%D8%AC%D8%AF%D8%A9&gl=sa&hl=ar,SERP positions fluctuate
Riyadh,تجهيز بقالات الرياض,ar,Service/provider,/retail-shelving,P1 targeted,Success,7,taghezaat.com,haraj.com.sa,sadr.com.sa,https://www.google.com/search?q=%D8%AA%D8%AC%D9%87%D9%8A%D8%B2+%D8%A8%D9%82%D8%A7%D9%84%D8%A7%D8%AA+%D8%A7%D9%84%D8%B1%D9%8A%D8%A7%D8%B6&gl=sa&hl=ar,SERP positions fluctuate
Jeddah,رفوف محلات تجارية جدة,ar,Retail/sector,/sectors,P2 supporting,Success,7,haraj.com.sa,rfcosa.com,sadr.com.sa,https://www.google.com/search?q=%D8%B1%D9%81%D9%88%D9%81+%D9%85%D8%AD%D9%84%D8%A7%D8%AA+%D8%AA%D8%AC%D8%A7%D8%B1%D9%8A%D8%A9+%D8%AC%D8%AF%D8%A9&gl=sa&hl=ar,SERP positions fluctuate
Riyadh,رفوف محلات تجارية الرياض,ar,Retail/sector,/sectors,P2 supporting,Success,7,haraj.com.sa,krfof.com,tiktok.com,https://www.google.com/search?q=%D8%B1%D9%81%D9%88%D9%81+%D9%85%D8%AD%D9%84%D8%A7%D8%AA+%D8%AA%D8%AC%D8%A7%D8%B1%D9%8A%D8%A9+%D8%A7%D9%84%D8%B1%D9%8A%D8%A7%D8%B6&gl=sa&hl=ar,SERP positions fluctuate
Jeddah,رفوف حديد مستودعات جدة,ar,Warehouse/storage commercial,/warehouse-racking,P2 supporting,Success,7,haraj.com.sa,krfof.com,alharbililtijara.com,https://www.google.com/search?q=%D8%B1%D9%81%D9%88%D9%81+%D8%AD%D8%AF%D9%8A%D8%AF+%D9%85%D8%B3%D8%AA%D9%88%D8%AF%D8%B9%D8%A7%D8%AA+%D8%AC%D8%AF%D8%A9&gl=sa&hl=ar,SERP positions fluctuate
Riyadh,رفوف حديد مستودعات الرياض,ar,Warehouse/storage commercial,/warehouse-racking,P2 supporting,Collection failed,0,,,,https://www.google.com/search?q=%D8%B1%D9%81%D9%88%D9%81+%D8%AD%D8%AF%D9%8A%D8%AF+%D9%85%D8%B3%D8%AA%D9%88%D8%AF%D8%B9%D8%A7%D8%AA+%D8%A7%D9%84%D8%B1%D9%8A%D8%A7%D8%B6&gl=sa&hl=ar,Retry once later; upstream collection failed
Jeddah,pallet racking Jeddah,en,Industrial system-specific,/warehouse-racking,P1 targeted,Success,7,topracksa.com,racktechlogistics.com,instagram.com,https://www.google.com/search?q=pallet+racking+Jeddah&gl=sa&hl=en,Verify English language page availability
Riyadh,pallet racking Riyadh,en,Industrial system-specific,/warehouse-racking,P1 targeted,Success,7,topracksa.com,sadr.com.sa,findakar.com,https://www.google.com/search?q=pallet+racking+Riyadh&gl=sa&hl=en,Verify English language page availability
Jeddah,supermarket shelving Jeddah,en,Retail/sector,/retail-shelving,P2 supporting,Success,7,topracksa.com,haraj.com.sa,rfcosa.com,https://www.google.com/search?q=supermarket+shelving+Jeddah&gl=sa&hl=en,Verify English language page availability
Riyadh,supermarket shelving Riyadh,en,Retail/sector,/retail-shelving,P2 supporting,Success,7,rfcosa.com,topracksa.com,amazon.sa,https://www.google.com/search?q=supermarket+shelving+Riyadh&gl=sa&hl=en,Verify English language page availability
Riyadh,warehouse shelving Saudi Arabia,en,Warehouse/storage commercial,/warehouse-racking,P2 supporting,Success,7,sadr.com.sa,pr-rack.com,abazarshelving.com,https://www.google.com/search?q=warehouse+shelving+Saudi+Arabia&gl=sa&hl=en,Verify English language page availability
Jeddah,رفوف تخزين أحمال متوسطة جدة,ar,Industrial system-specific,/warehouse-racking,P2 supporting,Success,7,krfof.com,rfufco.com.sa,metalegypt.org,https://www.google.com/search?q=%D8%B1%D9%81%D9%88%D9%81+%D8%AA%D8%AE%D8%B2%D9%8A%D9%86+%D8%A3%D8%AD%D9%85%D8%A7%D9%84+%D9%85%D8%AA%D9%88%D8%B3%D8%B7%D8%A9+%D8%AC%D8%AF%D8%A9&gl=sa&hl=ar,SERP positions fluctuate
Riyadh,رفوف تخزين أحمال متوسطة الرياض,ar,Industrial system-specific,/warehouse-racking,P2 supporting,Success,7,krfof.com,zawiashelf.com,diamondshelf.com.sa,https://www.google.com/search?q=%D8%B1%D9%81%D9%88%D9%81+%D8%AA%D8%AE%D8%B2%D9%8A%D9%86+%D8%A3%D8%AD%D9%85%D8%A7%D9%84+%D9%85%D8%AA%D9%88%D8%B3%D8%B7%D8%A9+%D8%A7%D9%84%D8%B1%D9%8A%D8%A7%D8%B6&gl=sa&hl=ar,SERP positions fluctuate
Jeddah,رفوف بقالات وسوبرماركت جدة,ar,Retail/sector,/retail-shelving,P1 targeted,Success,7,rfcosa.com,haraj.com.sa,instagram.com,https://www.google.com/search?q=%D8%B1%D9%81%D9%88%D9%81+%D8%A8%D9%82%D8%A7%D9%84%D8%A7%D8%AA+%D9%88%D8%B3%D9%88%D8%A8%D8%B1%D9%85%D8%A7%D8%B1%D9%83%D8%AA+%D8%AC%D8%AF%D8%A9&gl=sa&hl=ar,SERP positions fluctuate
Riyadh,رفوف بقالات وسوبرماركت الرياض,ar,Retail/sector,/retail-shelving,P1 targeted,Success,7,rfcosa.com,haraj.com.sa,facebook.com,https://www.google.com/search?q=%D8%B1%D9%81%D9%88%D9%81+%D8%A8%D9%82%D8%A7%D9%84%D8%A7%D8%AA+%D9%88%D8%B3%D9%88%D8%A8%D8%B1%D9%85%D8%A7%D8%B1%D9%83%D8%AA+%D8%A7%D9%84%D8%B1%D9%8A%D8%A7%D8%B6&gl=sa&hl=ar,SERP positions fluctuate
Jeddah,الشامخ للرفوف والديكورات,ar,Brand navigation,/,P0 brand verification,Success,7,rfcosa.com,instagram.com,tiktok.com,https://www.google.com/search?q=%D8%A7%D9%84%D8%B4%D8%A7%D9%85%D8%AE+%D9%84%D9%84%D8%B1%D9%81%D9%88%D9%81+%D9%88%D8%A7%D9%84%D8%AF%D9%8A%D9%83%D9%88%D8%B1%D8%A7%D8%AA&gl=sa&hl=ar,Branded name did not surface official domain in observed snippet; validate with production URL
