Date,Engine,Country,City,Language,Query,Observed organic position,Returned domain,Evidence,Caveat
2026-10-08/09,Google,sa,Jeddah,ar,رفوف مستودعات جدة,1,sadr.com.sa,TalorData SERP API - direct snapshot,"Only observed organic positions, no ads/maps blended; not a search volume metric"
2026-10-08/09,Google,sa,Jeddah,ar,رفوف مستودعات جدة,2,rfcosa.com,TalorData SERP API - direct snapshot,"Only observed organic positions, no ads/maps blended; not a search volume metric"
2026-10-08/09,Google,sa,Jeddah,ar,رفوف مستودعات جدة,3,haraj.com.sa,TalorData SERP API - direct snapshot,"Only observed organic positions, no ads/maps blended; not a search volume metric"
2026-10-08/09,Google,sa,Jeddah,ar,رفوف مستودعات جدة,4,krfof.com,TalorData SERP API - direct snapshot,"Only observed organic positions, no ads/maps blended; not a search volume metric"
2026-10-08/09,Google,sa,Jeddah,ar,رفوف مستودعات جدة,5,arfaf-ksa.com,TalorData SERP API - direct snapshot,"Only observed organic positions, no ads/maps blended; not a search volume metric"
2026-10-08/09,Google,sa,Jeddah,ar,رفوف مستودعات جدة,6,jst.sa,TalorData SERP API - direct snapshot,"Only observed organic positions, no ads/maps blended; not a search volume metric"
2026-10-08/09,Google,sa,Jeddah,ar,رفوف مستودعات جدة,7,alharbililtijara.com,TalorData SERP API - direct snapshot,"Only observed organic positions, no ads/maps blended; not a search volume metric"
2026-10-08/09,Google,sa,Jeddah,ar,رفوف مستودعات جدة,8,rfufco.com.sa,TalorData SERP API - direct snapshot,"Only observed organic positions, no ads/maps blended; not a search volume metric"
2026-10-08/09,Google,sa,Jeddah,ar,رفوف تخزين جدة,1,jst.sa,TalorData SERP API - direct snapshot,"Only observed organic positions, no ads/maps blended; not a search volume metric"
2026-10-08/09,Google,sa,Jeddah,ar,رفوف تخزين جدة,2,rfcosa.com,TalorData SERP API - direct snapshot,"Only observed organic positions, no ads/maps blended; not a search volume metric"
2026-10-08/09,Google,sa,Jeddah,ar,رفوف تخزين جدة,3,krfof.com,TalorData SERP API - direct snapshot,"Only observed organic positions, no ads/maps blended; not a search volume metric"
2026-10-08/09,Google,sa,Jeddah,ar,رفوف تخزين جدة,4,haraj.com.sa,TalorData SERP API - direct snapshot,"Only observed organic positions, no ads/maps blended; not a search volume metric"
2026-10-08/09,Google,sa,Jeddah,ar,رفوف تخزين جدة,5,krfof.com,TalorData SERP API - direct snapshot,"Only observed organic positions, no ads/maps blended; not a search volume metric"
2026-10-08/09,Google,sa,Jeddah,ar,رفوف تخزين جدة,6,araakstores.com,TalorData SERP API - direct snapshot,"Only observed organic positions, no ads/maps blended; not a search volume metric"
2026-10-08/09,Google,sa,Jeddah,ar,رفوف تخزين جدة,7,sadr.com.sa,TalorData SERP API - direct snapshot,"Only observed organic positions, no ads/maps blended; not a search volume metric"
2026-10-08/09,Google,sa,Jeddah,ar,رفوف سوبر ماركت جدة,1,rfcosa.com,TalorData SERP API - direct snapshot,"Only observed organic positions, no ads/maps blended; not a search volume metric"
2026-10-08/09,Google,sa,Jeddah,ar,رفوف سوبر ماركت جدة,2,haraj.com.sa,TalorData SERP API - direct snapshot,"Only observed organic positions, no ads/maps blended; not a search volume metric"
2026-10-08/09,Google,sa,Jeddah,ar,رفوف سوبر ماركت جدة,3,sadr.com.sa,TalorData SERP API - direct snapshot,"Only observed organic positions, no ads/maps blended; not a search volume metric"
2026-10-08/09,Google,sa,Jeddah,ar,رفوف سوبر ماركت جدة,4,ibdaa.sa,TalorData SERP API - direct snapshot,"Only observed organic positions, no ads/maps blended; not a search volume metric"
2026-10-08/09,Google,sa,Jeddah,ar,رفوف سوبر ماركت جدة,5,arfaf-ksa.com,TalorData SERP API - direct snapshot,"Only observed organic positions, no ads/maps blended; not a search volume metric"
2026-10-08/09,Google,sa,Jeddah,ar,رفوف سوبر ماركت جدة,6,instagram.com,TalorData SERP API - direct snapshot,"Only observed organic positions, no ads/maps blended; not a search volume metric"
2026-10-08/09,Google,sa,Jeddah,ar,رفوف سوبر ماركت جدة,7,lmst-areej.sa,TalorData SERP API - direct snapshot,"Only observed organic positions, no ads/maps blended; not a search volume metric"
2026-10-08/09,Google,sa,Jeddah,ar,رفوف سوبر ماركت جدة,8,facebook.com,TalorData SERP API - direct snapshot,"Only observed organic positions, no ads/maps blended; not a search volume metric"
2026-10-08/09,Google,sa,Jeddah,ar,رفوف سوبر ماركت جدة,9,tiktok.com,TalorData SERP API - direct snapshot,"Only observed organic positions, no ads/maps blended; not a search volume metric"
2026-10-08/09,Google,sa,Jeddah,ar,رفوف بقالات جدة,1,haraj.com.sa,TalorData SERP API - direct snapshot,"Only observed organic positions, no ads/maps blended; not a search volume metric"
2026-10-08/09,Google,sa,Jeddah,ar,رفوف بقالات جدة,2,rfcosa.com,TalorData SERP API - direct snapshot,"Only observed organic positions, no ads/maps blended; not a search volume metric"
2026-10-08/09,Google,sa,Jeddah,ar,رفوف بقالات جدة,3,lmst-areej.sa,TalorData SERP API - direct snapshot,"Only observed organic positions, no ads/maps blended; not a search volume metric"
2026-10-08/09,Google,sa,Jeddah,ar,رفوف بقالات جدة,4,instagram.com,TalorData SERP API - direct snapshot,"Only observed organic positions, no ads/maps blended; not a search volume metric"
2026-10-08/09,Google,sa,Jeddah,ar,رفوف بقالات جدة,5,haraj.com.sa,TalorData SERP API - direct snapshot,"Only observed organic positions, no ads/maps blended; not a search volume metric"
2026-10-08/09,Google,sa,Jeddah,ar,رفوف بقالات جدة,6,sadr.com.sa,TalorData SERP API - direct snapshot,"Only observed organic positions, no ads/maps blended; not a search volume metric"
2026-10-08/09,Google,sa,Jeddah,ar,رفوف بقالات جدة,7,haraj.cc,TalorData SERP API - direct snapshot,"Only observed organic positions, no ads/maps blended; not a search volume metric"
2026-10-08/09,Google,sa,Jeddah,ar,رفوف بقالات جدة,8,onshobbak.com,TalorData SERP API - direct snapshot,"Only observed organic positions, no ads/maps blended; not a search volume metric"
2026-10-08/09,Google,sa,Jeddah,ar,رفوف صيدليات جدة,1,haraj.com.sa,TalorData SERP API - direct snapshot,"Only observed organic positions, no ads/maps blended; not a search volume metric"
2026-10-08/09,Google,sa,Jeddah,ar,رفوف صيدليات جدة,2,instagram.com,TalorData SERP API - direct snapshot,"Only observed organic positions, no ads/maps blended; not a search volume metric"
2026-10-08/09,Google,sa,Jeddah,ar,رفوف صيدليات جدة,3,alyarmuk.net,TalorData SERP API - direct snapshot,"Only observed organic positions, no ads/maps blended; not a search volume metric"
2026-10-08/09,Google,sa,Jeddah,ar,رفوف صيدليات جدة,4,fanualrufuf.com,TalorData SERP API - direct snapshot,"Only observed organic positions, no ads/maps blended; not a search volume metric"
2026-10-08/09,Google,sa,Jeddah,ar,رفوف صيدليات جدة,5,tamraf.com,TalorData SERP API - direct snapshot,"Only observed organic positions, no ads/maps blended; not a search volume metric"
2026-10-08/09,Google,sa,Jeddah,ar,رفوف صيدليات جدة,6,metalegypt.org,TalorData SERP API - direct snapshot,"Only observed organic positions, no ads/maps blended; not a search volume metric"
2026-10-08/09,Google,sa,Jeddah,ar,رفوف صيدليات جدة,7,pinterest.com,TalorData SERP API - direct snapshot,"Only observed organic positions, no ads/maps blended; not a search volume metric"
2026-10-08/09,Google,sa,Jeddah,ar,رفوف صيدليات جدة,8,dinagrp.com,TalorData SERP API - direct snapshot,"Only observed organic positions, no ads/maps blended; not a search volume metric"
2026-10-08/09,Google,sa,Jeddah,ar,رفوف صيدليات جدة,9,bodurmetal.com,TalorData SERP API - direct snapshot,"Only observed organic positions, no ads/maps blended; not a search volume metric"
2026-10-08/09,Google,sa,Jeddah,ar,تجهيز محلات جدة,1,lmst-areej.sa,TalorData SERP API - direct snapshot,"Only observed organic positions, no ads/maps blended; not a search volume metric"
2026-10-08/09,Google,sa,Jeddah,ar,تجهيز محلات جدة,2,haraj.com.sa,TalorData SERP API - direct snapshot,"Only observed organic positions, no ads/maps blended; not a search volume metric"
2026-10-08/09,Google,sa,Jeddah,ar,تجهيز محلات جدة,3,jst.sa,TalorData SERP API - direct snapshot,"Only observed organic positions, no ads/maps blended; not a search volume metric"
2026-10-08/09,Google,sa,Jeddah,ar,تجهيز محلات جدة,4,ksa-decor.com,TalorData SERP API - direct snapshot,"Only observed organic positions, no ads/maps blended; not a search volume metric"
2026-10-08/09,Google,sa,Jeddah,ar,تجهيز محلات جدة,5,rfcosa.com,TalorData SERP API - direct snapshot,"Only observed organic positions, no ads/maps blended; not a search volume metric"
2026-10-08/09,Google,sa,Jeddah,ar,تجهيز محلات جدة,6,instagram.com,TalorData SERP API - direct snapshot,"Only observed organic positions, no ads/maps blended; not a search volume metric"
2026-10-08/09,Google,sa,Jeddah,ar,تجهيز محلات جدة,7,facebook.com,TalorData SERP API - direct snapshot,"Only observed organic positions, no ads/maps blended; not a search volume metric"
2026-10-08/09,Google,sa,Jeddah,ar,تجهيز محلات جدة,8,lmst-areej.sa,TalorData SERP API - direct snapshot,"Only observed organic positions, no ads/maps blended; not a search volume metric"
2026-10-08/09,Google,sa,Jeddah,ar,تجهيز محلات جدة,9,tiktok.com,TalorData SERP API - direct snapshot,"Only observed organic positions, no ads/maps blended; not a search volume metric"
2026-10-08/09,Google,sa,Jeddah,en,warehouse racking Jeddah,1,alesayistorage.com,TalorData SERP API - direct snapshot,"Only observed organic positions, no ads/maps blended; not a search volume metric"
2026-10-08/09,Google,sa,Jeddah,en,warehouse racking Jeddah,2,muqawiloon.com,TalorData SERP API - direct snapshot,"Only observed organic positions, no ads/maps blended; not a search volume metric"
2026-10-08/09,Google,sa,Jeddah,en,warehouse racking Jeddah,3,topracksa.com,TalorData SERP API - direct snapshot,"Only observed organic positions, no ads/maps blended; not a search volume metric"
2026-10-08/09,Google,sa,Jeddah,en,warehouse racking Jeddah,4,sadr.com.sa,TalorData SERP API - direct snapshot,"Only observed organic positions, no ads/maps blended; not a search volume metric"
2026-10-08/09,Google,sa,Jeddah,en,warehouse racking Jeddah,5,nassguard.sa,TalorData SERP API - direct snapshot,"Only observed organic positions, no ads/maps blended; not a search volume metric"
2026-10-08/09,Google,sa,Jeddah,en,warehouse racking Jeddah,6,saudi-racks.com,TalorData SERP API - direct snapshot,"Only observed organic positions, no ads/maps blended; not a search volume metric"
2026-10-08/09,Google,sa,Jeddah,en,warehouse racking Jeddah,7,mffgroup.com,TalorData SERP API - direct snapshot,"Only observed organic positions, no ads/maps blended; not a search volume metric"
2026-10-08/09,Google,sa,Jeddah,en,warehouse racking Jeddah,8,racksandpartition.com,TalorData SERP API - direct snapshot,"Only observed organic positions, no ads/maps blended; not a search volume metric"
2026-10-08/09,Google,sa,Jeddah,en,warehouse racking Jeddah,9,instagram.com,TalorData SERP API - direct snapshot,"Only observed organic positions, no ads/maps blended; not a search volume metric"
2026-10-08/09,Google,sa,Riyadh,ar,رفوف مستودعات الرياض,1,arfaf-ksa.com,TalorData SERP API - direct snapshot,"Only observed organic positions, no ads/maps blended; not a search volume metric"
2026-10-08/09,Google,sa,Riyadh,ar,رفوف مستودعات الرياض,2,krfof.com,TalorData SERP API - direct snapshot,"Only observed organic positions, no ads/maps blended; not a search volume metric"
2026-10-08/09,Google,sa,Riyadh,ar,رفوف مستودعات الرياض,3,facebook.com,TalorData SERP API - direct snapshot,"Only observed organic positions, no ads/maps blended; not a search volume metric"
2026-10-08/09,Google,sa,Riyadh,ar,رفوف مستودعات الرياض,4,rfufco.com.sa,TalorData SERP API - direct snapshot,"Only observed organic positions, no ads/maps blended; not a search volume metric"
2026-10-08/09,Google,sa,Riyadh,ar,رفوف مستودعات الرياض,5,haraj.com.sa,TalorData SERP API - direct snapshot,"Only observed organic positions, no ads/maps blended; not a search volume metric"
2026-10-08/09,Google,sa,Riyadh,ar,رفوف مستودعات الرياض,6,krfof.com,TalorData SERP API - direct snapshot,"Only observed organic positions, no ads/maps blended; not a search volume metric"
2026-10-08/09,Google,sa,Riyadh,ar,رفوف مستودعات الرياض,7,sadr.com.sa,TalorData SERP API - direct snapshot,"Only observed organic positions, no ads/maps blended; not a search volume metric"
2026-10-08/09,Google,sa,Riyadh,ar,رفوف مستودعات الرياض,8,rfcosa.com,TalorData SERP API - direct snapshot,"Only observed organic positions, no ads/maps blended; not a search volume metric"
2026-10-08/09,Google,sa,Riyadh,ar,رفوف تخزين الرياض,1,krfof.com,TalorData SERP API - direct snapshot,"Only observed organic positions, no ads/maps blended; not a search volume metric"
2026-10-08/09,Google,sa,Riyadh,ar,رفوف تخزين الرياض,2,shelv23.com,TalorData SERP API - direct snapshot,"Only observed organic positions, no ads/maps blended; not a search volume metric"
2026-10-08/09,Google,sa,Riyadh,ar,رفوف تخزين الرياض,3,rfcosa.com,TalorData SERP API - direct snapshot,"Only observed organic positions, no ads/maps blended; not a search volume metric"
2026-10-08/09,Google,sa,Riyadh,ar,رفوف تخزين الرياض,4,ksa-decor.com,TalorData SERP API - direct snapshot,"Only observed organic positions, no ads/maps blended; not a search volume metric"
2026-10-08/09,Google,sa,Riyadh,ar,رفوف تخزين الرياض,5,tiktok.com,TalorData SERP API - direct snapshot,"Only observed organic positions, no ads/maps blended; not a search volume metric"
2026-10-08/09,Google,sa,Riyadh,ar,رفوف سوبر ماركت الرياض,1,rfcosa.com,TalorData SERP API - direct snapshot,"Only observed organic positions, no ads/maps blended; not a search volume metric"
2026-10-08/09,Google,sa,Riyadh,ar,رفوف سوبر ماركت الرياض,2,haraj.com.sa,TalorData SERP API - direct snapshot,"Only observed organic positions, no ads/maps blended; not a search volume metric"
2026-10-08/09,Google,sa,Riyadh,ar,رفوف سوبر ماركت الرياض,3,facebook.com,TalorData SERP API - direct snapshot,"Only observed organic positions, no ads/maps blended; not a search volume metric"
2026-10-08/09,Google,sa,Riyadh,ar,رفوف سوبر ماركت الرياض,4,elrayan-sa.com,TalorData SERP API - direct snapshot,"Only observed organic positions, no ads/maps blended; not a search volume metric"
2026-10-08/09,Google,sa,Riyadh,ar,رفوف سوبر ماركت الرياض,5,dinagrp.com,TalorData SERP API - direct snapshot,"Only observed organic positions, no ads/maps blended; not a search volume metric"
2026-10-08/09,Google,sa,Riyadh,ar,رفوف سوبر ماركت الرياض,6,arfaf-ksa.com,TalorData SERP API - direct snapshot,"Only observed organic positions, no ads/maps blended; not a search volume metric"
2026-10-08/09,Google,sa,Riyadh,ar,رفوف سوبر ماركت الرياض,7,metalegypt.org,TalorData SERP API - direct snapshot,"Only observed organic positions, no ads/maps blended; not a search volume metric"
2026-10-08/09,Google,sa,Riyadh,ar,رفوف سوبر ماركت الرياض,8,ibdaa.sa,TalorData SERP API - direct snapshot,"Only observed organic positions, no ads/maps blended; not a search volume metric"
2026-10-08/09,Google,sa,Riyadh,ar,رفوف سوبر ماركت الرياض,9,instagram.com,TalorData SERP API - direct snapshot,"Only observed organic positions, no ads/maps blended; not a search volume metric"
2026-10-08/09,Google,sa,Riyadh,ar,رفوف بقالات الرياض,1,haraj.com.sa,TalorData SERP API - direct snapshot,"Only observed organic positions, no ads/maps blended; not a search volume metric"
2026-10-08/09,Google,sa,Riyadh,ar,رفوف بقالات الرياض,2,facebook.com,TalorData SERP API - direct snapshot,"Only observed organic positions, no ads/maps blended; not a search volume metric"
2026-10-08/09,Google,sa,Riyadh,ar,رفوف بقالات الرياض,3,haraj.cc,TalorData SERP API - direct snapshot,"Only observed organic positions, no ads/maps blended; not a search volume metric"
2026-10-08/09,Google,sa,Riyadh,ar,رفوف بقالات الرياض,4,haraj.com.sa,TalorData SERP API - direct snapshot,"Only observed organic positions, no ads/maps blended; not a search volume metric"
2026-10-08/09,Google,sa,Riyadh,ar,رفوف بقالات الرياض,5,instagram.com,TalorData SERP API - direct snapshot,"Only observed organic positions, no ads/maps blended; not a search volume metric"
2026-10-08/09,Google,sa,Riyadh,ar,رفوف بقالات الرياض,6,instagram.com,TalorData SERP API - direct snapshot,"Only observed organic positions, no ads/maps blended; not a search volume metric"
2026-10-08/09,Google,sa,Riyadh,ar,رفوف بقالات الرياض,7,arfaf-ksa.com,TalorData SERP API - direct snapshot,"Only observed organic positions, no ads/maps blended; not a search volume metric"
2026-10-08/09,Google,sa,Riyadh,ar,رفوف بقالات الرياض,8,elrayan-sa.com,TalorData SERP API - direct snapshot,"Only observed organic positions, no ads/maps blended; not a search volume metric"
2026-10-08/09,Google,sa,Riyadh,ar,رفوف صيدليات الرياض,1,alyarmuk.net,TalorData SERP API - direct snapshot,"Only observed organic positions, no ads/maps blended; not a search volume metric"
2026-10-08/09,Google,sa,Riyadh,ar,رفوف صيدليات الرياض,2,haraj.com.sa,TalorData SERP API - direct snapshot,"Only observed organic positions, no ads/maps blended; not a search volume metric"
2026-10-08/09,Google,sa,Riyadh,ar,رفوف صيدليات الرياض,3,rufuft5zen.com,TalorData SERP API - direct snapshot,"Only observed organic positions, no ads/maps blended; not a search volume metric"
2026-10-08/09,Google,sa,Riyadh,ar,رفوف صيدليات الرياض,4,fanualrufuf.com,TalorData SERP API - direct snapshot,"Only observed organic positions, no ads/maps blended; not a search volume metric"
2026-10-08/09,Google,sa,Riyadh,ar,رفوف صيدليات الرياض,5,instagram.com,TalorData SERP API - direct snapshot,"Only observed organic positions, no ads/maps blended; not a search volume metric"
2026-10-08/09,Google,sa,Riyadh,ar,رفوف صيدليات الرياض,6,metalegypt.org,TalorData SERP API - direct snapshot,"Only observed organic positions, no ads/maps blended; not a search volume metric"
2026-10-08/09,Google,sa,Riyadh,ar,رفوف صيدليات الرياض,7,tamraf.com,TalorData SERP API - direct snapshot,"Only observed organic positions, no ads/maps blended; not a search volume metric"
2026-10-08/09,Google,sa,Riyadh,ar,رفوف صيدليات الرياض,8,pinterest.com,TalorData SERP API - direct snapshot,"Only observed organic positions, no ads/maps blended; not a search volume metric"
2026-10-08/09,Google,sa,Riyadh,ar,رفوف صيدليات الرياض,9,alibaba.com,TalorData SERP API - direct snapshot,"Only observed organic positions, no ads/maps blended; not a search volume metric"
2026-10-08/09,Google,sa,Riyadh,ar,تجهيز محلات الرياض,1,haraj.com.sa,TalorData SERP API - direct snapshot,"Only observed organic positions, no ads/maps blended; not a search volume metric"
2026-10-08/09,Google,sa,Riyadh,ar,تجهيز محلات الرياض,2,rfcosa.com,TalorData SERP API - direct snapshot,"Only observed organic positions, no ads/maps blended; not a search volume metric"
2026-10-08/09,Google,sa,Riyadh,ar,تجهيز محلات الرياض,3,ksa-decor.com,TalorData SERP API - direct snapshot,"Only observed organic positions, no ads/maps blended; not a search volume metric"
2026-10-08/09,Google,sa,Riyadh,ar,تجهيز محلات الرياض,4,areejfordecor.com,TalorData SERP API - direct snapshot,"Only observed organic positions, no ads/maps blended; not a search volume metric"
2026-10-08/09,Google,sa,Riyadh,ar,تجهيز محلات الرياض,5,lmst-areej.sa,TalorData SERP API - direct snapshot,"Only observed organic positions, no ads/maps blended; not a search volume metric"
2026-10-08/09,Google,sa,Riyadh,ar,تجهيز محلات الرياض,6,tiktok.com,TalorData SERP API - direct snapshot,"Only observed organic positions, no ads/maps blended; not a search volume metric"
2026-10-08/09,Google,sa,Riyadh,ar,تجهيز محلات الرياض,7,homerun.com.sa,TalorData SERP API - direct snapshot,"Only observed organic positions, no ads/maps blended; not a search volume metric"
2026-10-08/09,Google,sa,Riyadh,ar,تجهيز محلات الرياض,8,jst.sa,TalorData SERP API - direct snapshot,"Only observed organic positions, no ads/maps blended; not a search volume metric"
2026-10-08/09,Google,sa,Riyadh,ar,تجهيز محلات الرياض,9,tiktok.com,TalorData SERP API - direct snapshot,"Only observed organic positions, no ads/maps blended; not a search volume metric"
2026-10-08/09,Google,sa,Riyadh,en,warehouse racking Riyadh,1,alesayistorage.com,TalorData SERP API - direct snapshot,"Only observed organic positions, no ads/maps blended; not a search volume metric"
2026-10-08/09,Google,sa,Riyadh,en,warehouse racking Riyadh,2,sadr.com.sa,TalorData SERP API - direct snapshot,"Only observed organic positions, no ads/maps blended; not a search volume metric"
2026-10-08/09,Google,sa,Riyadh,en,warehouse racking Riyadh,3,topracksa.com,TalorData SERP API - direct snapshot,"Only observed organic positions, no ads/maps blended; not a search volume metric"
2026-10-08/09,Google,sa,Riyadh,en,warehouse racking Riyadh,4,findakar.com,TalorData SERP API - direct snapshot,"Only observed organic positions, no ads/maps blended; not a search volume metric"
2026-10-08/09,Google,sa,Riyadh,en,warehouse racking Riyadh,5,refro-tech.co,TalorData SERP API - direct snapshot,"Only observed organic positions, no ads/maps blended; not a search volume metric"
2026-10-08/09,Google,sa,Riyadh,en,warehouse racking Riyadh,6,facebook.com,TalorData SERP API - direct snapshot,"Only observed organic positions, no ads/maps blended; not a search volume metric"
2026-10-08/09,Google,sa,Riyadh,en,warehouse racking Riyadh,7,topracksa.com,TalorData SERP API - direct snapshot,"Only observed organic positions, no ads/maps blended; not a search volume metric"
2026-10-08/09,Google,sa,Riyadh,en,warehouse racking Riyadh,8,officefurniture.sa,TalorData SERP API - direct snapshot,"Only observed organic positions, no ads/maps blended; not a search volume metric"
2026-10-08/09,Google,sa,Riyadh,en,warehouse racking Riyadh,9,sadr.com.sa,TalorData SERP API - direct snapshot,"Only observed organic positions, no ads/maps blended; not a search volume metric"
2026-10-08/09,Google,sa,Jeddah,ar,رفوف طبالي جدة,1,rfufco.com.sa,TalorData SERP API - direct snapshot,"Only observed organic positions, no ads/maps blended; not a search volume metric"
2026-10-08/09,Google,sa,Jeddah,ar,رفوف طبالي جدة,2,topracksa.com,TalorData SERP API - direct snapshot,"Only observed organic positions, no ads/maps blended; not a search volume metric"
2026-10-08/09,Google,sa,Jeddah,ar,رفوف طبالي جدة,3,haraj.com.sa,TalorData SERP API - direct snapshot,"Only observed organic positions, no ads/maps blended; not a search volume metric"
2026-10-08/09,Google,sa,Jeddah,ar,رفوف طبالي جدة,4,metalegypt.org,TalorData SERP API - direct snapshot,"Only observed organic positions, no ads/maps blended; not a search volume metric"
2026-10-08/09,Google,sa,Jeddah,ar,رفوف طبالي جدة,5,harmonylog.sa,TalorData SERP API - direct snapshot,"Only observed organic positions, no ads/maps blended; not a search volume metric"
2026-10-08/09,Google,sa,Jeddah,ar,رفوف طبالي جدة,6,instagram.com,TalorData SERP API - direct snapshot,"Only observed organic positions, no ads/maps blended; not a search volume metric"
2026-10-08/09,Google,sa,Jeddah,ar,رفوف طبالي جدة,7,pr-rack.com,TalorData SERP API - direct snapshot,"Only observed organic positions, no ads/maps blended; not a search volume metric"
2026-10-08/09,Google,sa,Riyadh,ar,رفوف طبالي الرياض,1,rfufco.com.sa,TalorData SERP API - direct snapshot,"Only observed organic positions, no ads/maps blended; not a search volume metric"
2026-10-08/09,Google,sa,Riyadh,ar,رفوف طبالي الرياض,2,topracksa.com,TalorData SERP API - direct snapshot,"Only observed organic positions, no ads/maps blended; not a search volume metric"
2026-10-08/09,Google,sa,Riyadh,ar,رفوف طبالي الرياض,3,haraj.com.sa,TalorData SERP API - direct snapshot,"Only observed organic positions, no ads/maps blended; not a search volume metric"
2026-10-08/09,Google,sa,Riyadh,ar,رفوف طبالي الرياض,4,harmonylog.sa,TalorData SERP API - direct snapshot,"Only observed organic positions, no ads/maps blended; not a search volume metric"
2026-10-08/09,Google,sa,Riyadh,ar,رفوف طبالي الرياض,5,sadr.com.sa,TalorData SERP API - direct snapshot,"Only observed organic positions, no ads/maps blended; not a search volume metric"
2026-10-08/09,Google,sa,Riyadh,ar,رفوف طبالي الرياض,6,instagram.com,TalorData SERP API - direct snapshot,"Only observed organic positions, no ads/maps blended; not a search volume metric"
2026-10-08/09,Google,sa,Riyadh,ar,رفوف طبالي الرياض,7,pr-rack.com,TalorData SERP API - direct snapshot,"Only observed organic positions, no ads/maps blended; not a search volume metric"
2026-10-08/09,Google,sa,Jeddah,ar,رفوف مستودعات ثقيلة جدة,1,krfof.com,TalorData SERP API - direct snapshot,"Only observed organic positions, no ads/maps blended; not a search volume metric"
2026-10-08/09,Google,sa,Jeddah,ar,رفوف مستودعات ثقيلة جدة,2,sadr.com.sa,TalorData SERP API - direct snapshot,"Only observed organic positions, no ads/maps blended; not a search volume metric"
2026-10-08/09,Google,sa,Jeddah,ar,رفوف مستودعات ثقيلة جدة,3,jst.sa,TalorData SERP API - direct snapshot,"Only observed organic positions, no ads/maps blended; not a search volume metric"
2026-10-08/09,Google,sa,Jeddah,ar,رفوف مستودعات ثقيلة جدة,4,ksa-decor.com,TalorData SERP API - direct snapshot,"Only observed organic positions, no ads/maps blended; not a search volume metric"
2026-10-08/09,Google,sa,Jeddah,ar,رفوف مستودعات ثقيلة جدة,5,tamraf.com,TalorData SERP API - direct snapshot,"Only observed organic positions, no ads/maps blended; not a search volume metric"
2026-10-08/09,Google,sa,Jeddah,ar,رفوف مستودعات ثقيلة جدة,6,haraj.com.sa,TalorData SERP API - direct snapshot,"Only observed organic positions, no ads/maps blended; not a search volume metric"
2026-10-08/09,Google,sa,Jeddah,ar,رفوف مستودعات ثقيلة جدة,7,metalegypt.org,TalorData SERP API - direct snapshot,"Only observed organic positions, no ads/maps blended; not a search volume metric"
2026-10-08/09,Google,sa,Riyadh,ar,رفوف مستودعات ثقيلة الرياض,1,krfof.com,TalorData SERP API - direct snapshot,"Only observed organic positions, no ads/maps blended; not a search volume metric"
2026-10-08/09,Google,sa,Riyadh,ar,رفوف مستودعات ثقيلة الرياض,2,krfof.com,TalorData SERP API - direct snapshot,"Only observed organic positions, no ads/maps blended; not a search volume metric"
2026-10-08/09,Google,sa,Riyadh,ar,رفوف مستودعات ثقيلة الرياض,3,ksa-decor.com,TalorData SERP API - direct snapshot,"Only observed organic positions, no ads/maps blended; not a search volume metric"
2026-10-08/09,Google,sa,Riyadh,ar,رفوف مستودعات ثقيلة الرياض,4,arfaf-ksa.com,TalorData SERP API - direct snapshot,"Only observed organic positions, no ads/maps blended; not a search volume metric"
2026-10-08/09,Google,sa,Riyadh,ar,رفوف مستودعات ثقيلة الرياض,5,facebook.com,TalorData SERP API - direct snapshot,"Only observed organic positions, no ads/maps blended; not a search volume metric"
2026-10-08/09,Google,sa,Riyadh,ar,رفوف مستودعات ثقيلة الرياض,6,shelv23.com,TalorData SERP API - direct snapshot,"Only observed organic positions, no ads/maps blended; not a search volume metric"
2026-10-08/09,Google,sa,Riyadh,ar,رفوف مستودعات ثقيلة الرياض,7,watanalrfoof.com,TalorData SERP API - direct snapshot,"Only observed organic positions, no ads/maps blended; not a search volume metric"
2026-10-08/09,Google,sa,Jeddah,ar,تركيب رفوف مستودعات جدة,1,sadr.com.sa,TalorData SERP API - direct snapshot,"Only observed organic positions, no ads/maps blended; not a search volume metric"
2026-10-08/09,Google,sa,Jeddah,ar,تركيب رفوف مستودعات جدة,2,arfaf-ksa.com,TalorData SERP API - direct snapshot,"Only observed organic positions, no ads/maps blended; not a search volume metric"
2026-10-08/09,Google,sa,Jeddah,ar,تركيب رفوف مستودعات جدة,3,krfof.com,TalorData SERP API - direct snapshot,"Only observed organic positions, no ads/maps blended; not a search volume metric"
2026-10-08/09,Google,sa,Jeddah,ar,تركيب رفوف مستودعات جدة,4,rfufco.com.sa,TalorData SERP API - direct snapshot,"Only observed organic positions, no ads/maps blended; not a search volume metric"
2026-10-08/09,Google,sa,Jeddah,ar,تركيب رفوف مستودعات جدة,5,facebook.com,TalorData SERP API - direct snapshot,"Only observed organic positions, no ads/maps blended; not a search volume metric"
2026-10-08/09,Google,sa,Jeddah,ar,تركيب رفوف مستودعات جدة,6,haraj.com.sa,TalorData SERP API - direct snapshot,"Only observed organic positions, no ads/maps blended; not a search volume metric"
2026-10-08/09,Google,sa,Jeddah,ar,تركيب رفوف مستودعات جدة,7,sauuudi.com,TalorData SERP API - direct snapshot,"Only observed organic positions, no ads/maps blended; not a search volume metric"
2026-10-08/09,Google,sa,Riyadh,ar,تركيب رفوف مستودعات الرياض,1,haraj.com.sa,TalorData SERP API - direct snapshot,"Only observed organic positions, no ads/maps blended; not a search volume metric"
2026-10-08/09,Google,sa,Riyadh,ar,تركيب رفوف مستودعات الرياض,2,krfof.com,TalorData SERP API - direct snapshot,"Only observed organic positions, no ads/maps blended; not a search volume metric"
2026-10-08/09,Google,sa,Riyadh,ar,تركيب رفوف مستودعات الرياض,3,topracksa.com,TalorData SERP API - direct snapshot,"Only observed organic positions, no ads/maps blended; not a search volume metric"
2026-10-08/09,Google,sa,Riyadh,ar,تركيب رفوف مستودعات الرياض,4,rfufco.com.sa,TalorData SERP API - direct snapshot,"Only observed organic positions, no ads/maps blended; not a search volume metric"
2026-10-08/09,Google,sa,Riyadh,ar,تركيب رفوف مستودعات الرياض,5,facebook.com,TalorData SERP API - direct snapshot,"Only observed organic positions, no ads/maps blended; not a search volume metric"
2026-10-08/09,Google,sa,Riyadh,ar,تركيب رفوف مستودعات الرياض,6,arfaf-ksa.com,TalorData SERP API - direct snapshot,"Only observed organic positions, no ads/maps blended; not a search volume metric"
2026-10-08/09,Google,sa,Riyadh,ar,تركيب رفوف مستودعات الرياض,7,instagram.com,TalorData SERP API - direct snapshot,"Only observed organic positions, no ads/maps blended; not a search volume metric"
2026-10-08/09,Google,sa,Jeddah,ar,شركات رفوف مستودعات جدة,1,sadr.com.sa,TalorData SERP API - direct snapshot,"Only observed organic positions, no ads/maps blended; not a search volume metric"
2026-10-08/09,Google,sa,Jeddah,ar,شركات رفوف مستودعات جدة,2,krfof.com,TalorData SERP API - direct snapshot,"Only observed organic positions, no ads/maps blended; not a search volume metric"
2026-10-08/09,Google,sa,Jeddah,ar,شركات رفوف مستودعات جدة,3,rfufco.com.sa,TalorData SERP API - direct snapshot,"Only observed organic positions, no ads/maps blended; not a search volume metric"
2026-10-08/09,Google,sa,Jeddah,ar,شركات رفوف مستودعات جدة,4,jst.sa,TalorData SERP API - direct snapshot,"Only observed organic positions, no ads/maps blended; not a search volume metric"
2026-10-08/09,Google,sa,Jeddah,ar,شركات رفوف مستودعات جدة,5,rfcosa.com,TalorData SERP API - direct snapshot,"Only observed organic positions, no ads/maps blended; not a search volume metric"
2026-10-08/09,Google,sa,Jeddah,ar,شركات رفوف مستودعات جدة,6,instagram.com,TalorData SERP API - direct snapshot,"Only observed organic positions, no ads/maps blended; not a search volume metric"
2026-10-08/09,Google,sa,Jeddah,ar,شركات رفوف مستودعات جدة,7,metalegypt.org,TalorData SERP API - direct snapshot,"Only observed organic positions, no ads/maps blended; not a search volume metric"
2026-10-08/09,Google,sa,Riyadh,ar,شركات رفوف مستودعات الرياض,1,krfof.com,TalorData SERP API - direct snapshot,"Only observed organic positions, no ads/maps blended; not a search volume metric"
2026-10-08/09,Google,sa,Riyadh,ar,شركات رفوف مستودعات الرياض,2,rfufco.com.sa,TalorData SERP API - direct snapshot,"Only observed organic positions, no ads/maps blended; not a search volume metric"
2026-10-08/09,Google,sa,Riyadh,ar,شركات رفوف مستودعات الرياض,3,arfaf-ksa.com,TalorData SERP API - direct snapshot,"Only observed organic positions, no ads/maps blended; not a search volume metric"
2026-10-08/09,Google,sa,Riyadh,ar,شركات رفوف مستودعات الرياض,4,topracksa.com,TalorData SERP API - direct snapshot,"Only observed organic positions, no ads/maps blended; not a search volume metric"
2026-10-08/09,Google,sa,Riyadh,ar,شركات رفوف مستودعات الرياض,5,facebook.com,TalorData SERP API - direct snapshot,"Only observed organic positions, no ads/maps blended; not a search volume metric"
2026-10-08/09,Google,sa,Riyadh,ar,شركات رفوف مستودعات الرياض,6,metalegypt.org,TalorData SERP API - direct snapshot,"Only observed organic positions, no ads/maps blended; not a search volume metric"
2026-10-08/09,Google,sa,Riyadh,ar,شركات رفوف مستودعات الرياض,7,rfcosa.com,TalorData SERP API - direct snapshot,"Only observed organic positions, no ads/maps blended; not a search volume metric"
2026-10-08/09,Google,sa,Jeddah,ar,تجهيز سوبر ماركت جدة,1,taghezaat.com,TalorData SERP API - direct snapshot,"Only observed organic positions, no ads/maps blended; not a search volume metric"
2026-10-08/09,Google,sa,Jeddah,ar,تجهيز سوبر ماركت جدة,2,rfcosa.com,TalorData SERP API - direct snapshot,"Only observed organic positions, no ads/maps blended; not a search volume metric"
2026-10-08/09,Google,sa,Jeddah,ar,تجهيز سوبر ماركت جدة,3,haraj.com.sa,TalorData SERP API - direct snapshot,"Only observed organic positions, no ads/maps blended; not a search volume metric"
2026-10-08/09,Google,sa,Jeddah,ar,تجهيز سوبر ماركت جدة,4,tamraf.com,TalorData SERP API - direct snapshot,"Only observed organic positions, no ads/maps blended; not a search volume metric"
2026-10-08/09,Google,sa,Jeddah,ar,تجهيز سوبر ماركت جدة,5,al-ameen.com.sa,TalorData SERP API - direct snapshot,"Only observed organic positions, no ads/maps blended; not a search volume metric"
2026-10-08/09,Google,sa,Jeddah,ar,تجهيز سوبر ماركت جدة,6,egytrade.com,TalorData SERP API - direct snapshot,"Only observed organic positions, no ads/maps blended; not a search volume metric"
2026-10-08/09,Google,sa,Jeddah,ar,تجهيز سوبر ماركت جدة,7,facebook.com,TalorData SERP API - direct snapshot,"Only observed organic positions, no ads/maps blended; not a search volume metric"
2026-10-08/09,Google,sa,Riyadh,ar,تجهيز سوبر ماركت الرياض,1,taghezaat.com,TalorData SERP API - direct snapshot,"Only observed organic positions, no ads/maps blended; not a search volume metric"
2026-10-08/09,Google,sa,Riyadh,ar,تجهيز سوبر ماركت الرياض,2,rfcosa.com,TalorData SERP API - direct snapshot,"Only observed organic positions, no ads/maps blended; not a search volume metric"
2026-10-08/09,Google,sa,Riyadh,ar,تجهيز سوبر ماركت الرياض,3,egytrade.com,TalorData SERP API - direct snapshot,"Only observed organic positions, no ads/maps blended; not a search volume metric"
2026-10-08/09,Google,sa,Riyadh,ar,تجهيز سوبر ماركت الرياض,4,tamraf.com,TalorData SERP API - direct snapshot,"Only observed organic positions, no ads/maps blended; not a search volume metric"
2026-10-08/09,Google,sa,Riyadh,ar,تجهيز سوبر ماركت الرياض,5,alnassermfr.com.sa,TalorData SERP API - direct snapshot,"Only observed organic positions, no ads/maps blended; not a search volume metric"
2026-10-08/09,Google,sa,Riyadh,ar,تجهيز سوبر ماركت الرياض,6,al-ameen.com.sa,TalorData SERP API - direct snapshot,"Only observed organic positions, no ads/maps blended; not a search volume metric"
2026-10-08/09,Google,sa,Riyadh,ar,تجهيز سوبر ماركت الرياض,7,riyadhpalace-store.com,TalorData SERP API - direct snapshot,"Only observed organic positions, no ads/maps blended; not a search volume metric"
2026-10-08/09,Google,sa,Jeddah,ar,تجهيز بقالات جدة,1,haraj.com.sa,TalorData SERP API - direct snapshot,"Only observed organic positions, no ads/maps blended; not a search volume metric"
2026-10-08/09,Google,sa,Jeddah,ar,تجهيز بقالات جدة,2,rfcosa.com,TalorData SERP API - direct snapshot,"Only observed organic positions, no ads/maps blended; not a search volume metric"
2026-10-08/09,Google,sa,Jeddah,ar,تجهيز بقالات جدة,3,taghezaat.com,TalorData SERP API - direct snapshot,"Only observed organic positions, no ads/maps blended; not a search volume metric"
2026-10-08/09,Google,sa,Jeddah,ar,تجهيز بقالات جدة,4,instagram.com,TalorData SERP API - direct snapshot,"Only observed organic positions, no ads/maps blended; not a search volume metric"
2026-10-08/09,Google,sa,Jeddah,ar,تجهيز بقالات جدة,5,instagram.com,TalorData SERP API - direct snapshot,"Only observed organic positions, no ads/maps blended; not a search volume metric"
2026-10-08/09,Google,sa,Jeddah,ar,تجهيز بقالات جدة,6,sadr.com.sa,TalorData SERP API - direct snapshot,"Only observed organic positions, no ads/maps blended; not a search volume metric"
2026-10-08/09,Google,sa,Jeddah,ar,تجهيز بقالات جدة,7,haraj.com.sa,TalorData SERP API - direct snapshot,"Only observed organic positions, no ads/maps blended; not a search volume metric"
2026-10-08/09,Google,sa,Riyadh,ar,تجهيز بقالات الرياض,1,taghezaat.com,TalorData SERP API - direct snapshot,"Only observed organic positions, no ads/maps blended; not a search volume metric"
2026-10-08/09,Google,sa,Riyadh,ar,تجهيز بقالات الرياض,2,haraj.com.sa,TalorData SERP API - direct snapshot,"Only observed organic positions, no ads/maps blended; not a search volume metric"
2026-10-08/09,Google,sa,Riyadh,ar,تجهيز بقالات الرياض,3,sadr.com.sa,TalorData SERP API - direct snapshot,"Only observed organic positions, no ads/maps blended; not a search volume metric"
2026-10-08/09,Google,sa,Riyadh,ar,تجهيز بقالات الرياض,4,instagram.com,TalorData SERP API - direct snapshot,"Only observed organic positions, no ads/maps blended; not a search volume metric"
2026-10-08/09,Google,sa,Riyadh,ar,تجهيز بقالات الرياض,5,elrayan-sa.com,TalorData SERP API - direct snapshot,"Only observed organic positions, no ads/maps blended; not a search volume metric"
2026-10-08/09,Google,sa,Riyadh,ar,تجهيز بقالات الرياض,6,facebook.com,TalorData SERP API - direct snapshot,"Only observed organic positions, no ads/maps blended; not a search volume metric"
2026-10-08/09,Google,sa,Riyadh,ar,تجهيز بقالات الرياض,7,arfaf-ksa.com,TalorData SERP API - direct snapshot,"Only observed organic positions, no ads/maps blended; not a search volume metric"
2026-10-08/09,Google,sa,Jeddah,ar,رفوف محلات تجارية جدة,1,haraj.com.sa,TalorData SERP API - direct snapshot,"Only observed organic positions, no ads/maps blended; not a search volume metric"
2026-10-08/09,Google,sa,Jeddah,ar,رفوف محلات تجارية جدة,2,rfcosa.com,TalorData SERP API - direct snapshot,"Only observed organic positions, no ads/maps blended; not a search volume metric"
2026-10-08/09,Google,sa,Jeddah,ar,رفوف محلات تجارية جدة,3,sadr.com.sa,TalorData SERP API - direct snapshot,"Only observed organic positions, no ads/maps blended; not a search volume metric"
2026-10-08/09,Google,sa,Jeddah,ar,رفوف محلات تجارية جدة,4,jst.sa,TalorData SERP API - direct snapshot,"Only observed organic positions, no ads/maps blended; not a search volume metric"
2026-10-08/09,Google,sa,Jeddah,ar,رفوف محلات تجارية جدة,5,instagram.com,TalorData SERP API - direct snapshot,"Only observed organic positions, no ads/maps blended; not a search volume metric"
2026-10-08/09,Google,sa,Jeddah,ar,رفوف محلات تجارية جدة,6,krfof.com,TalorData SERP API - direct snapshot,"Only observed organic positions, no ads/maps blended; not a search volume metric"
2026-10-08/09,Google,sa,Jeddah,ar,رفوف محلات تجارية جدة,7,arfaf-ksa.com,TalorData SERP API - direct snapshot,"Only observed organic positions, no ads/maps blended; not a search volume metric"
2026-10-08/09,Google,sa,Riyadh,ar,رفوف محلات تجارية الرياض,1,haraj.com.sa,TalorData SERP API - direct snapshot,"Only observed organic positions, no ads/maps blended; not a search volume metric"
2026-10-08/09,Google,sa,Riyadh,ar,رفوف محلات تجارية الرياض,2,krfof.com,TalorData SERP API - direct snapshot,"Only observed organic positions, no ads/maps blended; not a search volume metric"
2026-10-08/09,Google,sa,Riyadh,ar,رفوف محلات تجارية الرياض,3,tiktok.com,TalorData SERP API - direct snapshot,"Only observed organic positions, no ads/maps blended; not a search volume metric"
2026-10-08/09,Google,sa,Riyadh,ar,رفوف محلات تجارية الرياض,4,instagram.com,TalorData SERP API - direct snapshot,"Only observed organic positions, no ads/maps blended; not a search volume metric"
2026-10-08/09,Google,sa,Riyadh,ar,رفوف محلات تجارية الرياض,5,shelv23.com,TalorData SERP API - direct snapshot,"Only observed organic positions, no ads/maps blended; not a search volume metric"
2026-10-08/09,Google,sa,Riyadh,ar,رفوف محلات تجارية الرياض,6,rfcosa.com,TalorData SERP API - direct snapshot,"Only observed organic positions, no ads/maps blended; not a search volume metric"
2026-10-08/09,Google,sa,Riyadh,ar,رفوف محلات تجارية الرياض,7,youtube.com,TalorData SERP API - direct snapshot,"Only observed organic positions, no ads/maps blended; not a search volume metric"
2026-10-08/09,Google,sa,Jeddah,ar,رفوف حديد مستودعات جدة,1,haraj.com.sa,TalorData SERP API - direct snapshot,"Only observed organic positions, no ads/maps blended; not a search volume metric"
2026-10-08/09,Google,sa,Jeddah,ar,رفوف حديد مستودعات جدة,2,krfof.com,TalorData SERP API - direct snapshot,"Only observed organic positions, no ads/maps blended; not a search volume metric"
2026-10-08/09,Google,sa,Jeddah,ar,رفوف حديد مستودعات جدة,3,alharbililtijara.com,TalorData SERP API - direct snapshot,"Only observed organic positions, no ads/maps blended; not a search volume metric"
2026-10-08/09,Google,sa,Jeddah,ar,رفوف حديد مستودعات جدة,4,jst.sa,TalorData SERP API - direct snapshot,"Only observed organic positions, no ads/maps blended; not a search volume metric"
2026-10-08/09,Google,sa,Jeddah,ar,رفوف حديد مستودعات جدة,5,rfcosa.com,TalorData SERP API - direct snapshot,"Only observed organic positions, no ads/maps blended; not a search volume metric"
2026-10-08/09,Google,sa,Jeddah,ar,رفوف حديد مستودعات جدة,6,ksa-decor.com,TalorData SERP API - direct snapshot,"Only observed organic positions, no ads/maps blended; not a search volume metric"
2026-10-08/09,Google,sa,Jeddah,ar,رفوف حديد مستودعات جدة,7,tiktok.com,TalorData SERP API - direct snapshot,"Only observed organic positions, no ads/maps blended; not a search volume metric"
2026-10-08/09,Google,sa,Jeddah,en,pallet racking Jeddah,1,topracksa.com,TalorData SERP API - direct snapshot,"Only observed organic positions, no ads/maps blended; not a search volume metric"
2026-10-08/09,Google,sa,Jeddah,en,pallet racking Jeddah,2,racktechlogistics.com,TalorData SERP API - direct snapshot,"Only observed organic positions, no ads/maps blended; not a search volume metric"
2026-10-08/09,Google,sa,Jeddah,en,pallet racking Jeddah,3,instagram.com,TalorData SERP API - direct snapshot,"Only observed organic positions, no ads/maps blended; not a search volume metric"
2026-10-08/09,Google,sa,Jeddah,en,pallet racking Jeddah,4,racksandpartition.com,TalorData SERP API - direct snapshot,"Only observed organic positions, no ads/maps blended; not a search volume metric"
2026-10-08/09,Google,sa,Jeddah,en,pallet racking Jeddah,5,topracksa.com,TalorData SERP API - direct snapshot,"Only observed organic positions, no ads/maps blended; not a search volume metric"
2026-10-08/09,Google,sa,Jeddah,en,pallet racking Jeddah,6,gxmshelfandrack.com,TalorData SERP API - direct snapshot,"Only observed organic positions, no ads/maps blended; not a search volume metric"
2026-10-08/09,Google,sa,Jeddah,en,pallet racking Jeddah,7,okestorage.com,TalorData SERP API - direct snapshot,"Only observed organic positions, no ads/maps blended; not a search volume metric"
2026-10-08/09,Google,sa,Riyadh,en,pallet racking Riyadh,1,topracksa.com,TalorData SERP API - direct snapshot,"Only observed organic positions, no ads/maps blended; not a search volume metric"
2026-10-08/09,Google,sa,Riyadh,en,pallet racking Riyadh,2,sadr.com.sa,TalorData SERP API - direct snapshot,"Only observed organic positions, no ads/maps blended; not a search volume metric"
2026-10-08/09,Google,sa,Riyadh,en,pallet racking Riyadh,3,findakar.com,TalorData SERP API - direct snapshot,"Only observed organic positions, no ads/maps blended; not a search volume metric"
2026-10-08/09,Google,sa,Riyadh,en,pallet racking Riyadh,4,alesayistorage.com,TalorData SERP API - direct snapshot,"Only observed organic positions, no ads/maps blended; not a search volume metric"
2026-10-08/09,Google,sa,Riyadh,en,pallet racking Riyadh,5,gxmshelfandrack.com,TalorData SERP API - direct snapshot,"Only observed organic positions, no ads/maps blended; not a search volume metric"
2026-10-08/09,Google,sa,Riyadh,en,pallet racking Riyadh,6,topracksa.com,TalorData SERP API - direct snapshot,"Only observed organic positions, no ads/maps blended; not a search volume metric"
2026-10-08/09,Google,sa,Riyadh,en,pallet racking Riyadh,7,facebook.com,TalorData SERP API - direct snapshot,"Only observed organic positions, no ads/maps blended; not a search volume metric"
2026-10-08/09,Google,sa,Jeddah,en,supermarket shelving Jeddah,1,topracksa.com,TalorData SERP API - direct snapshot,"Only observed organic positions, no ads/maps blended; not a search volume metric"
2026-10-08/09,Google,sa,Jeddah,en,supermarket shelving Jeddah,2,haraj.com.sa,TalorData SERP API - direct snapshot,"Only observed organic positions, no ads/maps blended; not a search volume metric"
2026-10-08/09,Google,sa,Jeddah,en,supermarket shelving Jeddah,3,rfcosa.com,TalorData SERP API - direct snapshot,"Only observed organic positions, no ads/maps blended; not a search volume metric"
2026-10-08/09,Google,sa,Jeddah,en,supermarket shelving Jeddah,4,tamraf.com,TalorData SERP API - direct snapshot,"Only observed organic positions, no ads/maps blended; not a search volume metric"
2026-10-08/09,Google,sa,Jeddah,en,supermarket shelving Jeddah,5,youmarts.com,TalorData SERP API - direct snapshot,"Only observed organic positions, no ads/maps blended; not a search volume metric"
2026-10-08/09,Google,sa,Jeddah,en,supermarket shelving Jeddah,6,al-ameen.com.sa,TalorData SERP API - direct snapshot,"Only observed organic positions, no ads/maps blended; not a search volume metric"
2026-10-08/09,Google,sa,Jeddah,en,supermarket shelving Jeddah,7,shutterstock.com,TalorData SERP API - direct snapshot,"Only observed organic positions, no ads/maps blended; not a search volume metric"
2026-10-08/09,Google,sa,Riyadh,en,supermarket shelving Riyadh,1,rfcosa.com,TalorData SERP API - direct snapshot,"Only observed organic positions, no ads/maps blended; not a search volume metric"
2026-10-08/09,Google,sa,Riyadh,en,supermarket shelving Riyadh,2,topracksa.com,TalorData SERP API - direct snapshot,"Only observed organic positions, no ads/maps blended; not a search volume metric"
2026-10-08/09,Google,sa,Riyadh,en,supermarket shelving Riyadh,3,amazon.sa,TalorData SERP API - direct snapshot,"Only observed organic positions, no ads/maps blended; not a search volume metric"
2026-10-08/09,Google,sa,Riyadh,en,supermarket shelving Riyadh,4,ekuep.com,TalorData SERP API - direct snapshot,"Only observed organic positions, no ads/maps blended; not a search volume metric"
2026-10-08/09,Google,sa,Riyadh,en,supermarket shelving Riyadh,5,haraj.com.sa,TalorData SERP API - direct snapshot,"Only observed organic positions, no ads/maps blended; not a search volume metric"
2026-10-08/09,Google,sa,Riyadh,en,supermarket shelving Riyadh,6,topracksa.com,TalorData SERP API - direct snapshot,"Only observed organic positions, no ads/maps blended; not a search volume metric"
2026-10-08/09,Google,sa,Riyadh,en,supermarket shelving Riyadh,7,instagram.com,TalorData SERP API - direct snapshot,"Only observed organic positions, no ads/maps blended; not a search volume metric"
2026-10-08/09,Google,sa,Riyadh,en,warehouse shelving Saudi Arabia,1,sadr.com.sa,TalorData SERP API - direct snapshot,"Only observed organic positions, no ads/maps blended; not a search volume metric"
2026-10-08/09,Google,sa,Riyadh,en,warehouse shelving Saudi Arabia,2,pr-rack.com,TalorData SERP API - direct snapshot,"Only observed organic positions, no ads/maps blended; not a search volume metric"
2026-10-08/09,Google,sa,Riyadh,en,warehouse shelving Saudi Arabia,3,abazarshelving.com,TalorData SERP API - direct snapshot,"Only observed organic positions, no ads/maps blended; not a search volume metric"
2026-10-08/09,Google,sa,Riyadh,en,warehouse shelving Saudi Arabia,4,nassguard.sa,TalorData SERP API - direct snapshot,"Only observed organic positions, no ads/maps blended; not a search volume metric"
2026-10-08/09,Google,sa,Riyadh,en,warehouse shelving Saudi Arabia,5,racksandpartition.com,TalorData SERP API - direct snapshot,"Only observed organic positions, no ads/maps blended; not a search volume metric"
2026-10-08/09,Google,sa,Riyadh,en,warehouse shelving Saudi Arabia,6,sadr.com.sa,TalorData SERP API - direct snapshot,"Only observed organic positions, no ads/maps blended; not a search volume metric"
2026-10-08/09,Google,sa,Riyadh,en,warehouse shelving Saudi Arabia,7,alsafriksteelworks.com,TalorData SERP API - direct snapshot,"Only observed organic positions, no ads/maps blended; not a search volume metric"
2026-10-08/09,Google,sa,Jeddah,ar,رفوف تخزين أحمال متوسطة جدة,1,krfof.com,TalorData SERP API - direct snapshot,"Only observed organic positions, no ads/maps blended; not a search volume metric"
2026-10-08/09,Google,sa,Jeddah,ar,رفوف تخزين أحمال متوسطة جدة,2,rfufco.com.sa,TalorData SERP API - direct snapshot,"Only observed organic positions, no ads/maps blended; not a search volume metric"
2026-10-08/09,Google,sa,Jeddah,ar,رفوف تخزين أحمال متوسطة جدة,3,metalegypt.org,TalorData SERP API - direct snapshot,"Only observed organic positions, no ads/maps blended; not a search volume metric"
2026-10-08/09,Google,sa,Jeddah,ar,رفوف تخزين أحمال متوسطة جدة,4,instagram.com,TalorData SERP API - direct snapshot,"Only observed organic positions, no ads/maps blended; not a search volume metric"
2026-10-08/09,Google,sa,Jeddah,ar,رفوف تخزين أحمال متوسطة جدة,5,shelv23.com,TalorData SERP API - direct snapshot,"Only observed organic positions, no ads/maps blended; not a search volume metric"
2026-10-08/09,Google,sa,Jeddah,ar,رفوف تخزين أحمال متوسطة جدة,6,tamraf.com,TalorData SERP API - direct snapshot,"Only observed organic positions, no ads/maps blended; not a search volume metric"
2026-10-08/09,Google,sa,Jeddah,ar,رفوف تخزين أحمال متوسطة جدة,7,krfof.com,TalorData SERP API - direct snapshot,"Only observed organic positions, no ads/maps blended; not a search volume metric"
2026-10-08/09,Google,sa,Riyadh,ar,رفوف تخزين أحمال متوسطة الرياض,1,krfof.com,TalorData SERP API - direct snapshot,"Only observed organic positions, no ads/maps blended; not a search volume metric"
2026-10-08/09,Google,sa,Riyadh,ar,رفوف تخزين أحمال متوسطة الرياض,2,zawiashelf.com,TalorData SERP API - direct snapshot,"Only observed organic positions, no ads/maps blended; not a search volume metric"
2026-10-08/09,Google,sa,Riyadh,ar,رفوف تخزين أحمال متوسطة الرياض,3,diamondshelf.com.sa,TalorData SERP API - direct snapshot,"Only observed organic positions, no ads/maps blended; not a search volume metric"
2026-10-08/09,Google,sa,Riyadh,ar,رفوف تخزين أحمال متوسطة الرياض,4,harmonylog.sa,TalorData SERP API - direct snapshot,"Only observed organic positions, no ads/maps blended; not a search volume metric"
2026-10-08/09,Google,sa,Riyadh,ar,رفوف تخزين أحمال متوسطة الرياض,5,instagram.com,TalorData SERP API - direct snapshot,"Only observed organic positions, no ads/maps blended; not a search volume metric"
2026-10-08/09,Google,sa,Riyadh,ar,رفوف تخزين أحمال متوسطة الرياض,6,krfof.com,TalorData SERP API - direct snapshot,"Only observed organic positions, no ads/maps blended; not a search volume metric"
2026-10-08/09,Google,sa,Riyadh,ar,رفوف تخزين أحمال متوسطة الرياض,7,facebook.com,TalorData SERP API - direct snapshot,"Only observed organic positions, no ads/maps blended; not a search volume metric"
2026-10-08/09,Google,sa,Jeddah,ar,رفوف بقالات وسوبرماركت جدة,1,rfcosa.com,TalorData SERP API - direct snapshot,"Only observed organic positions, no ads/maps blended; not a search volume metric"
2026-10-08/09,Google,sa,Jeddah,ar,رفوف بقالات وسوبرماركت جدة,2,haraj.com.sa,TalorData SERP API - direct snapshot,"Only observed organic positions, no ads/maps blended; not a search volume metric"
2026-10-08/09,Google,sa,Jeddah,ar,رفوف بقالات وسوبرماركت جدة,3,instagram.com,TalorData SERP API - direct snapshot,"Only observed organic positions, no ads/maps blended; not a search volume metric"
2026-10-08/09,Google,sa,Jeddah,ar,رفوف بقالات وسوبرماركت جدة,4,arfaf-ksa.com,TalorData SERP API - direct snapshot,"Only observed organic positions, no ads/maps blended; not a search volume metric"
2026-10-08/09,Google,sa,Jeddah,ar,رفوف بقالات وسوبرماركت جدة,5,haraj.cc,TalorData SERP API - direct snapshot,"Only observed organic positions, no ads/maps blended; not a search volume metric"
2026-10-08/09,Google,sa,Jeddah,ar,رفوف بقالات وسوبرماركت جدة,6,facebook.com,TalorData SERP API - direct snapshot,"Only observed organic positions, no ads/maps blended; not a search volume metric"
2026-10-08/09,Google,sa,Jeddah,ar,رفوف بقالات وسوبرماركت جدة,7,instagram.com,TalorData SERP API - direct snapshot,"Only observed organic positions, no ads/maps blended; not a search volume metric"
2026-10-08/09,Google,sa,Riyadh,ar,رفوف بقالات وسوبرماركت الرياض,1,rfcosa.com,TalorData SERP API - direct snapshot,"Only observed organic positions, no ads/maps blended; not a search volume metric"
2026-10-08/09,Google,sa,Riyadh,ar,رفوف بقالات وسوبرماركت الرياض,2,haraj.com.sa,TalorData SERP API - direct snapshot,"Only observed organic positions, no ads/maps blended; not a search volume metric"
2026-10-08/09,Google,sa,Riyadh,ar,رفوف بقالات وسوبرماركت الرياض,3,facebook.com,TalorData SERP API - direct snapshot,"Only observed organic positions, no ads/maps blended; not a search volume metric"
2026-10-08/09,Google,sa,Riyadh,ar,رفوف بقالات وسوبرماركت الرياض,4,arfaf-ksa.com,TalorData SERP API - direct snapshot,"Only observed organic positions, no ads/maps blended; not a search volume metric"
2026-10-08/09,Google,sa,Riyadh,ar,رفوف بقالات وسوبرماركت الرياض,5,haraj.cc,TalorData SERP API - direct snapshot,"Only observed organic positions, no ads/maps blended; not a search volume metric"
2026-10-08/09,Google,sa,Riyadh,ar,رفوف بقالات وسوبرماركت الرياض,6,instagram.com,TalorData SERP API - direct snapshot,"Only observed organic positions, no ads/maps blended; not a search volume metric"
2026-10-08/09,Google,sa,Riyadh,ar,رفوف بقالات وسوبرماركت الرياض,7,elrayan-sa.com,TalorData SERP API - direct snapshot,"Only observed organic positions, no ads/maps blended; not a search volume metric"
2026-10-08/09,Google,sa,Jeddah,ar,الشامخ للرفوف والديكورات,1,rfcosa.com,TalorData SERP API - direct snapshot,"Only observed organic positions, no ads/maps blended; not a search volume metric"
2026-10-08/09,Google,sa,Jeddah,ar,الشامخ للرفوف والديكورات,2,instagram.com,TalorData SERP API - direct snapshot,"Only observed organic positions, no ads/maps blended; not a search volume metric"
2026-10-08/09,Google,sa,Jeddah,ar,الشامخ للرفوف والديكورات,3,tiktok.com,TalorData SERP API - direct snapshot,"Only observed organic positions, no ads/maps blended; not a search volume metric"
2026-10-08/09,Google,sa,Jeddah,ar,الشامخ للرفوف والديكورات,4,instagram.com,TalorData SERP API - direct snapshot,"Only observed organic positions, no ads/maps blended; not a search volume metric"
2026-10-08/09,Google,sa,Jeddah,ar,الشامخ للرفوف والديكورات,5,youtube.com,TalorData SERP API - direct snapshot,"Only observed organic positions, no ads/maps blended; not a search volume metric"
2026-10-08/09,Google,sa,Jeddah,ar,الشامخ للرفوف والديكورات,6,facebook.com,TalorData SERP API - direct snapshot,"Only observed organic positions, no ads/maps blended; not a search volume metric"
2026-10-08/09,Google,sa,Jeddah,ar,الشامخ للرفوف والديكورات,7,instagram.com,TalorData SERP API - direct snapshot,"Only observed organic positions, no ads/maps blended; not a search volume metric"
