Domain,Queries appearing (unique),Top 3 appearances (URLs not deduplicated),Total organic listings observed,Mean observed position (not rank guarantee)
rfcosa.com,22,16,22,2.91
sadr.com.sa,16,10,18,3.83
krfof.com,15,14,20,2.9
arfaf-ksa.com,13,3,13,4.69
topracksa.com,10,9,14,3.29
rfufco.com.sa,9,5,9,3.22
jst.sa,8,3,8,4.12
metalegypt.org,8,1,8,5.75
tamraf.com,7,0,7,5.0
ksa-decor.com,6,2,6,4.0
taghezaat.com,4,4,4,1.5
lmst-areej.sa,4,2,5,4.8
shelv23.com,4,1,4,4.5
elrayan-sa.com,4,0,4,6.0
alesayistorage.com,3,2,3,2.0
pr-rack.com,3,1,3,5.33
al-ameen.com.sa,3,0,3,5.67
harmonylog.sa,3,0,3,4.33
racksandpartition.com,3,0,3,5.67
alyarmuk.net,2,2,2,2.0
alharbililtijara.com,2,1,2,5.0
egytrade.com,2,1,2,4.5
dinagrp.com,2,0,2,6.5
fanualrufuf.com,2,0,2,4.0
gxmshelfandrack.com,2,0,2,5.5
ibdaa.sa,2,0,2,6.0
nassguard.sa,2,0,2,4.5
abazarshelving.com,1,1,1,3.0
diamondshelf.com.sa,1,1,1,3.0
racktechlogistics.com,1,1,1,2.0
rufuft5zen.com,1,1,1,3.0
zawiashelf.com,1,1,1,2.0
alnassermfr.com.sa,1,0,1,5.0
alsafriksteelworks.com,1,0,1,7.0
araakstores.com,1,0,1,6.0
areejfordecor.com,1,0,1,4.0
bodurmetal.com,1,0,1,9.0
ekuep.com,1,0,1,4.0
mffgroup.com,1,0,1,7.0
officefurniture.sa,1,0,1,8.0
okestorage.com,1,0,1,7.0
refro-tech.co,1,0,1,5.0
riyadhpalace-store.com,1,0,1,7.0
saudi-racks.com,1,0,1,6.0
sauuudi.com,1,0,1,7.0
watanalrfoof.com,1,0,1,7.0
youmarts.com,1,0,1,5.0
