"city","keyword","language","country","primary_local_page","supporting_pages","intent_hypothesis","organic_results_returned","map_results_returned","paid_ad_items_returned","top_3_domains","google_source_url"
"Jeddah","warehouse racking Jeddah","en","Saudi Arabia","/warehouse-racking","/jeddah or /riyadh (location context)","English B2B warehouse-racking intent; current site copy is Arabic, so a dedicated English page remains conditional.","9","3","0","alesayistorage.com; muqawiloon.com; topracksa.com","https://www.google.com/search?gl=sa&hl=en&num=10&q=warehouse racking Jeddah&uule=w+CAIQICITSmVkZGFoLFNhdWRpIEFyYWJpYQ&op=warehouse racking Jeddah&sourceid=chrome&ie=UTF-8"
"Riyadh","warehouse racking Riyadh","en","Saudi Arabia","/warehouse-racking","/jeddah or /riyadh (location context)","English B2B warehouse-racking intent; current site copy is Arabic, so a dedicated English page remains conditional.","9","3","0","alesayistorage.com; sadr.com.sa; topracksa.com","https://www.google.com/search?gl=sa&hl=en&num=10&q=warehouse racking Riyadh&uule=w+CAIQICITUml5YWRoLFNhdWRpIEFyYWJpYQ&op=warehouse racking Riyadh&sourceid=chrome&ie=UTF-8"
"Riyadh","تجهيز محلات الرياض","ar","Saudi Arabia","/riyadh","/retail-shelving; /sectors","City-specific retail shelving, pharmacy, grocery, supermarket, or shop-fit-out intent.","8","3","0","haraj.com.sa; ksa-decor.com; rfcosa.com","https://www.google.com/search?gl=sa&hl=ar&num=10&q=تجهيز محلات الرياض&uule=w+CAIQICITUml5YWRoLFNhdWRpIEFyYWJpYQ&op=تجهيز محلات الرياض&sourceid=chrome&ie=UTF-8"
"Jeddah","تجهيز محلات جدة","ar","Saudi Arabia","/jeddah","/retail-shelving; /sectors","City-specific retail shelving, pharmacy, grocery, supermarket, or shop-fit-out intent.","9","3","0","lmst-areej.sa; haraj.com.sa; jst.sa","https://www.google.com/search?gl=sa&hl=ar&num=10&q=تجهيز محلات جدة&uule=w+CAIQICITSmVkZGFoLFNhdWRpIEFyYWJpYQ&op=تجهيز محلات جدة&sourceid=chrome&ie=UTF-8"
"Riyadh","رفوف بقالات الرياض","ar","Saudi Arabia","/riyadh","/retail-shelving; /sectors","City-specific retail shelving, pharmacy, grocery, supermarket, or shop-fit-out intent.","9","3","0","haraj.com.sa; haraj.cc; facebook.com","https://www.google.com/search?gl=sa&hl=ar&num=10&q=رفوف بقالات الرياض&uule=w+CAIQICITUml5YWRoLFNhdWRpIEFyYWJpYQ&op=رفوف بقالات الرياض&sourceid=chrome&ie=UTF-8"
"Jeddah","رفوف بقالات جدة","ar","Saudi Arabia","/jeddah","/retail-shelving; /sectors","City-specific retail shelving, pharmacy, grocery, supermarket, or shop-fit-out intent.","8","3","0","haraj.com.sa; lmst-areej.sa; instagram.com","https://www.google.com/search?gl=sa&hl=ar&num=10&q=رفوف بقالات جدة&uule=w+CAIQICITSmVkZGFoLFNhdWRpIEFyYWJpYQ&op=رفوف بقالات جدة&sourceid=chrome&ie=UTF-8"
"Riyadh","رفوف تخزين الرياض","ar","Saudi Arabia","/riyadh","/warehouse-racking","City-specific warehouse shelving and storage supplier intent.","4","3","0","krfof.com; shelv23.com; rfcosa.com","https://www.google.com/search?gl=sa&hl=ar&num=10&q=رفوف تخزين الرياض&uule=w+CAIQICITUml5YWRoLFNhdWRpIEFyYWJpYQ&op=رفوف تخزين الرياض&sourceid=chrome&ie=UTF-8"
"Jeddah","رفوف تخزين جدة","ar","Saudi Arabia","/jeddah","/warehouse-racking","City-specific warehouse shelving and storage supplier intent.","7","3","0","rfcosa.com; jst.sa; krfof.com","https://www.google.com/search?gl=sa&hl=ar&num=10&q=رفوف تخزين جدة&uule=w+CAIQICITSmVkZGFoLFNhdWRpIEFyYWJpYQ&op=رفوف تخزين جدة&sourceid=chrome&ie=UTF-8"
"Riyadh","رفوف سوبر ماركت الرياض","ar","Saudi Arabia","/riyadh","/retail-shelving; /sectors","City-specific retail shelving, pharmacy, grocery, supermarket, or shop-fit-out intent.","9","3","0","rfcosa.com; haraj.com.sa; facebook.com","https://www.google.com/search?gl=sa&hl=ar&num=10&q=رفوف سوبر ماركت الرياض&uule=w+CAIQICITUml5YWRoLFNhdWRpIEFyYWJpYQ&op=رفوف سوبر ماركت الرياض&sourceid=chrome&ie=UTF-8"
"Jeddah","رفوف سوبر ماركت جدة","ar","Saudi Arabia","/jeddah","/retail-shelving; /sectors","City-specific retail shelving, pharmacy, grocery, supermarket, or shop-fit-out intent.","9","3","0","rfcosa.com; haraj.com.sa; sadr.com.sa","https://www.google.com/search?gl=sa&hl=ar&num=10&q=رفوف سوبر ماركت جدة&uule=w+CAIQICITSmVkZGFoLFNhdWRpIEFyYWJpYQ&op=رفوف سوبر ماركت جدة&sourceid=chrome&ie=UTF-8"
"Riyadh","رفوف صيدليات الرياض","ar","Saudi Arabia","/riyadh","/retail-shelving; /sectors","City-specific retail shelving, pharmacy, grocery, supermarket, or shop-fit-out intent.","9","0","0","alyarmuk.net; haraj.com.sa; rufuft5zen.com","https://www.google.com/search?gl=sa&hl=ar&num=10&q=رفوف صيدليات الرياض&uule=w+CAIQICITUml5YWRoLFNhdWRpIEFyYWJpYQ&op=رفوف صيدليات الرياض&sourceid=chrome&ie=UTF-8"
"Jeddah","رفوف صيدليات جدة","ar","Saudi Arabia","/jeddah","/retail-shelving; /sectors","City-specific retail shelving, pharmacy, grocery, supermarket, or shop-fit-out intent.","9","0","0","haraj.com.sa; instagram.com; alyarmuk.net","https://www.google.com/search?gl=sa&hl=ar&num=10&q=رفوف صيدليات جدة&uule=w+CAIQICITSmVkZGFoLFNhdWRpIEFyYWJpYQ&op=رفوف صيدليات جدة&sourceid=chrome&ie=UTF-8"
"Riyadh","رفوف مستودعات الرياض","ar","Saudi Arabia","/riyadh","/warehouse-racking","City-specific warehouse shelving and storage supplier intent.","8","3","0","arfaf-ksa.com; krfof.com; facebook.com","https://www.google.com/search?gl=sa&hl=ar&num=10&q=رفوف مستودعات الرياض&uule=w+CAIQICITUml5YWRoLFNhdWRpIEFyYWJpYQ&op=رفوف مستودعات الرياض&sourceid=chrome&ie=UTF-8"
"Jeddah","رفوف مستودعات جدة","ar","Saudi Arabia","/jeddah","/warehouse-racking","City-specific warehouse shelving and storage supplier intent.","9","3","0","sadr.com.sa; rfcosa.com; haraj.com.sa","https://www.google.com/search?gl=sa&hl=ar&num=10&q=رفوف مستودعات جدة&uule=w+CAIQICITSmVkZGFoLFNhdWRpIEFyYWJpYQ&op=رفوف مستودعات جدة&sourceid=chrome&ie=UTF-8"