keyword,normalized_cluster,language,location,search_intent,estimated_monthly_searches,search_volume_source,organic_difficulty,difficulty_source,CPC,trend,SERP_competitors,target_URL,priority_score,business_value,research_status,notes
رفوف مستودعات جدة,warehouse racking,ar,Jeddah,Warehouse/storage commercial,,,,,,,sadr.com.sa; rfcosa.com; haraj.com.sa,/jeddah,75,High,Existing Google SERP snapshot; volume/KD/CPC/trend unavailable,"P0 high commercial; 8 organic rows in existing panel. Ordinal inputs CI=4, topical evidence proxy=4, feasibility=3, business/geographic fit=4; not search metrics."
رفوف تخزين جدة,warehouse racking,ar,Jeddah,Warehouse/storage commercial,,,,,,,jst.sa; rfcosa.com; krfof.com,/jeddah,70,High,Existing Google SERP snapshot; volume/KD/CPC/trend unavailable,"P2 supporting; 7 organic rows in existing panel. Ordinal inputs CI=4, topical evidence proxy=3, feasibility=3, business/geographic fit=4; not search metrics."
رفوف سوبر ماركت جدة,retail shelving,ar,Jeddah,Retail/sector,,,,,,,rfcosa.com; haraj.com.sa; sadr.com.sa,/retail-shelving,75,High,Existing Google SERP snapshot; volume/KD/CPC/trend unavailable,"P1 targeted; 9 organic rows in existing panel. Ordinal inputs CI=4, topical evidence proxy=4, feasibility=3, business/geographic fit=4; not search metrics."
رفوف بقالات جدة,retail shelving,ar,Jeddah,Retail/sector,,,,,,,haraj.com.sa; rfcosa.com; lmst-areej.sa,/retail-shelving,75,High,Existing Google SERP snapshot; volume/KD/CPC/trend unavailable,"P1 targeted; 8 organic rows in existing panel. Ordinal inputs CI=4, topical evidence proxy=4, feasibility=3, business/geographic fit=4; not search metrics."
رفوف صيدليات جدة,retail shelving,ar,Jeddah,Retail/sector,,,,,,,haraj.com.sa; instagram.com; alyarmuk.net,/retail-shelving,75,High,Existing Google SERP snapshot; volume/KD/CPC/trend unavailable,"P1 targeted; 9 organic rows in existing panel. Ordinal inputs CI=4, topical evidence proxy=4, feasibility=3, business/geographic fit=4; not search metrics."
تجهيز محلات جدة,installation and shop setup,ar,Jeddah,Service/provider,,,,,,,lmst-areej.sa; haraj.com.sa; jst.sa,/retail-shelving,82,High,Existing Google SERP snapshot; volume/KD/CPC/trend unavailable,"P2 supporting; 9 organic rows in existing panel. Ordinal inputs CI=5, topical evidence proxy=4, feasibility=3, business/geographic fit=4; not search metrics."
warehouse racking Jeddah,warehouse racking,en,Jeddah,Warehouse/storage commercial,,,,,,,alesayistorage.com; muqawiloon.com; topracksa.com,/warehouse-racking,75,High,Existing Google SERP snapshot; volume/KD/CPC/trend unavailable,"P0 high commercial; 9 organic rows in existing panel. Ordinal inputs CI=4, topical evidence proxy=4, feasibility=3, business/geographic fit=4; not search metrics."
رفوف مستودعات الرياض,warehouse racking,ar,Riyadh,Warehouse/storage commercial,,,,,,,arfaf-ksa.com; krfof.com; facebook.com,/riyadh,75,High,Existing Google SERP snapshot; volume/KD/CPC/trend unavailable,"P0 high commercial; 8 organic rows in existing panel. Ordinal inputs CI=4, topical evidence proxy=4, feasibility=3, business/geographic fit=4; not search metrics."
رفوف تخزين الرياض,warehouse racking,ar,Riyadh,Warehouse/storage commercial,,,,,,,krfof.com; shelv23.com; rfcosa.com,/riyadh,70,High,Existing Google SERP snapshot; volume/KD/CPC/trend unavailable,"P2 supporting; 5 organic rows in existing panel. Ordinal inputs CI=4, topical evidence proxy=3, feasibility=3, business/geographic fit=4; not search metrics."
رفوف سوبر ماركت الرياض,retail shelving,ar,Riyadh,Retail/sector,,,,,,,rfcosa.com; haraj.com.sa; facebook.com,/retail-shelving,75,High,Existing Google SERP snapshot; volume/KD/CPC/trend unavailable,"P1 targeted; 9 organic rows in existing panel. Ordinal inputs CI=4, topical evidence proxy=4, feasibility=3, business/geographic fit=4; not search metrics."
رفوف بقالات الرياض,retail shelving,ar,Riyadh,Retail/sector,,,,,,,haraj.com.sa; facebook.com; haraj.cc,/retail-shelving,75,High,Existing Google SERP snapshot; volume/KD/CPC/trend unavailable,"P1 targeted; 8 organic rows in existing panel. Ordinal inputs CI=4, topical evidence proxy=4, feasibility=3, business/geographic fit=4; not search metrics."
رفوف صيدليات الرياض,retail shelving,ar,Riyadh,Retail/sector,,,,,,,alyarmuk.net; haraj.com.sa; rufuft5zen.com,/retail-shelving,75,High,Existing Google SERP snapshot; volume/KD/CPC/trend unavailable,"P1 targeted; 9 organic rows in existing panel. Ordinal inputs CI=4, topical evidence proxy=4, feasibility=3, business/geographic fit=4; not search metrics."
تجهيز محلات الرياض,installation and shop setup,ar,Riyadh,Service/provider,,,,,,,haraj.com.sa; rfcosa.com; ksa-decor.com,/retail-shelving,82,High,Existing Google SERP snapshot; volume/KD/CPC/trend unavailable,"P2 supporting; 9 organic rows in existing panel. Ordinal inputs CI=5, topical evidence proxy=4, feasibility=3, business/geographic fit=4; not search metrics."
warehouse racking Riyadh,warehouse racking,en,Riyadh,Warehouse/storage commercial,,,,,,,alesayistorage.com; sadr.com.sa; topracksa.com,/warehouse-racking,75,High,Existing Google SERP snapshot; volume/KD/CPC/trend unavailable,"P0 high commercial; 9 organic rows in existing panel. Ordinal inputs CI=4, topical evidence proxy=4, feasibility=3, business/geographic fit=4; not search metrics."
رفوف طبالي جدة,warehouse racking,ar,Jeddah,Industrial system-specific,,,,,,,rfufco.com.sa; topracksa.com; haraj.com.sa,/warehouse-racking,70,High,Existing Google SERP snapshot; volume/KD/CPC/trend unavailable,"P1 targeted; 7 organic rows in existing panel. Ordinal inputs CI=4, topical evidence proxy=3, feasibility=3, business/geographic fit=4; not search metrics."
رفوف طبالي الرياض,warehouse racking,ar,Riyadh,Industrial system-specific,,,,,,,rfufco.com.sa; topracksa.com; haraj.com.sa,/warehouse-racking,70,High,Existing Google SERP snapshot; volume/KD/CPC/trend unavailable,"P1 targeted; 7 organic rows in existing panel. Ordinal inputs CI=4, topical evidence proxy=3, feasibility=3, business/geographic fit=4; not search metrics."
رفوف مستودعات ثقيلة جدة,warehouse racking,ar,Jeddah,Industrial system-specific,,,,,,,krfof.com; sadr.com.sa; jst.sa,/warehouse-racking,70,High,Existing Google SERP snapshot; volume/KD/CPC/trend unavailable,"P2 supporting; 7 organic rows in existing panel. Ordinal inputs CI=4, topical evidence proxy=3, feasibility=3, business/geographic fit=4; not search metrics."
رفوف مستودعات ثقيلة الرياض,warehouse racking,ar,Riyadh,Industrial system-specific,,,,,,,krfof.com; krfof.com; ksa-decor.com,/warehouse-racking,70,High,Existing Google SERP snapshot; volume/KD/CPC/trend unavailable,"P2 supporting; 7 organic rows in existing panel. Ordinal inputs CI=4, topical evidence proxy=3, feasibility=3, business/geographic fit=4; not search metrics."
تركيب رفوف مستودعات جدة,installation and shop setup,ar,Jeddah,Service/provider,,,,,,,sadr.com.sa; arfaf-ksa.com; krfof.com,/jeddah,77,High,Existing Google SERP snapshot; volume/KD/CPC/trend unavailable,"P0 high commercial; 7 organic rows in existing panel. Ordinal inputs CI=5, topical evidence proxy=3, feasibility=3, business/geographic fit=4; not search metrics."
تركيب رفوف مستودعات الرياض,installation and shop setup,ar,Riyadh,Service/provider,,,,,,,haraj.com.sa; krfof.com; topracksa.com,/riyadh,77,High,Existing Google SERP snapshot; volume/KD/CPC/trend unavailable,"P0 high commercial; 7 organic rows in existing panel. Ordinal inputs CI=5, topical evidence proxy=3, feasibility=3, business/geographic fit=4; not search metrics."
شركات رفوف مستودعات جدة,installation and shop setup,ar,Jeddah,Service/provider,,,,,,,sadr.com.sa; krfof.com; rfufco.com.sa,/jeddah,77,High,Existing Google SERP snapshot; volume/KD/CPC/trend unavailable,"P0 high commercial; 7 organic rows in existing panel. Ordinal inputs CI=5, topical evidence proxy=3, feasibility=3, business/geographic fit=4; not search metrics."
شركات رفوف مستودعات الرياض,installation and shop setup,ar,Riyadh,Service/provider,,,,,,,krfof.com; rfufco.com.sa; arfaf-ksa.com,/riyadh,77,High,Existing Google SERP snapshot; volume/KD/CPC/trend unavailable,"P0 high commercial; 7 organic rows in existing panel. Ordinal inputs CI=5, topical evidence proxy=3, feasibility=3, business/geographic fit=4; not search metrics."
تجهيز سوبر ماركت جدة,installation and shop setup,ar,Jeddah,Service/provider,,,,,,,taghezaat.com; rfcosa.com; haraj.com.sa,/retail-shelving,77,High,Existing Google SERP snapshot; volume/KD/CPC/trend unavailable,"P0 high commercial; 7 organic rows in existing panel. Ordinal inputs CI=5, topical evidence proxy=3, feasibility=3, business/geographic fit=4; not search metrics."
تجهيز سوبر ماركت الرياض,installation and shop setup,ar,Riyadh,Service/provider,,,,,,,taghezaat.com; rfcosa.com; egytrade.com,/retail-shelving,77,High,Existing Google SERP snapshot; volume/KD/CPC/trend unavailable,"P0 high commercial; 7 organic rows in existing panel. Ordinal inputs CI=5, topical evidence proxy=3, feasibility=3, business/geographic fit=4; not search metrics."
تجهيز بقالات جدة,installation and shop setup,ar,Jeddah,Service/provider,,,,,,,haraj.com.sa; rfcosa.com; taghezaat.com,/retail-shelving,77,High,Existing Google SERP snapshot; volume/KD/CPC/trend unavailable,"P1 targeted; 7 organic rows in existing panel. Ordinal inputs CI=5, topical evidence proxy=3, feasibility=3, business/geographic fit=4; not search metrics."
تجهيز بقالات الرياض,installation and shop setup,ar,Riyadh,Service/provider,,,,,,,taghezaat.com; haraj.com.sa; sadr.com.sa,/retail-shelving,77,High,Existing Google SERP snapshot; volume/KD/CPC/trend unavailable,"P1 targeted; 7 organic rows in existing panel. Ordinal inputs CI=5, topical evidence proxy=3, feasibility=3, business/geographic fit=4; not search metrics."
رفوف محلات تجارية جدة,retail shelving,ar,Jeddah,Retail/sector,,,,,,,haraj.com.sa; rfcosa.com; sadr.com.sa,/sectors,70,High,Existing Google SERP snapshot; volume/KD/CPC/trend unavailable,"P2 supporting; 7 organic rows in existing panel. Ordinal inputs CI=4, topical evidence proxy=3, feasibility=3, business/geographic fit=4; not search metrics."
رفوف محلات تجارية الرياض,retail shelving,ar,Riyadh,Retail/sector,,,,,,,haraj.com.sa; krfof.com; tiktok.com,/sectors,70,High,Existing Google SERP snapshot; volume/KD/CPC/trend unavailable,"P2 supporting; 7 organic rows in existing panel. Ordinal inputs CI=4, topical evidence proxy=3, feasibility=3, business/geographic fit=4; not search metrics."
رفوف حديد مستودعات جدة,warehouse racking,ar,Jeddah,Warehouse/storage commercial,,,,,,,haraj.com.sa; krfof.com; alharbililtijara.com,/warehouse-racking,70,High,Existing Google SERP snapshot; volume/KD/CPC/trend unavailable,"P2 supporting; 7 organic rows in existing panel. Ordinal inputs CI=4, topical evidence proxy=3, feasibility=3, business/geographic fit=4; not search metrics."
pallet racking Jeddah,warehouse racking,en,Jeddah,Industrial system-specific,,,,,,,topracksa.com; racktechlogistics.com; instagram.com,/warehouse-racking,70,High,Existing Google SERP snapshot; volume/KD/CPC/trend unavailable,"P1 targeted; 7 organic rows in existing panel. Ordinal inputs CI=4, topical evidence proxy=3, feasibility=3, business/geographic fit=4; not search metrics."
pallet racking Riyadh,warehouse racking,en,Riyadh,Industrial system-specific,,,,,,,topracksa.com; sadr.com.sa; findakar.com,/warehouse-racking,70,High,Existing Google SERP snapshot; volume/KD/CPC/trend unavailable,"P1 targeted; 7 organic rows in existing panel. Ordinal inputs CI=4, topical evidence proxy=3, feasibility=3, business/geographic fit=4; not search metrics."
supermarket shelving Jeddah,retail shelving,en,Jeddah,Retail/sector,,,,,,,topracksa.com; haraj.com.sa; rfcosa.com,/retail-shelving,70,High,Existing Google SERP snapshot; volume/KD/CPC/trend unavailable,"P2 supporting; 7 organic rows in existing panel. Ordinal inputs CI=4, topical evidence proxy=3, feasibility=3, business/geographic fit=4; not search metrics."
supermarket shelving Riyadh,retail shelving,en,Riyadh,Retail/sector,,,,,,,rfcosa.com; topracksa.com; amazon.sa,/retail-shelving,70,High,Existing Google SERP snapshot; volume/KD/CPC/trend unavailable,"P2 supporting; 7 organic rows in existing panel. Ordinal inputs CI=4, topical evidence proxy=3, feasibility=3, business/geographic fit=4; not search metrics."
warehouse shelving Saudi Arabia,warehouse racking,en,Riyadh,Warehouse/storage commercial,,,,,,,sadr.com.sa; pr-rack.com; abazarshelving.com,/warehouse-racking,70,High,Existing Google SERP snapshot; volume/KD/CPC/trend unavailable,"P2 supporting; 7 organic rows in existing panel. Ordinal inputs CI=4, topical evidence proxy=3, feasibility=3, business/geographic fit=4; not search metrics."
رفوف تخزين أحمال متوسطة جدة,warehouse racking,ar,Jeddah,Industrial system-specific,,,,,,,krfof.com; rfufco.com.sa; metalegypt.org,/warehouse-racking,70,High,Existing Google SERP snapshot; volume/KD/CPC/trend unavailable,"P2 supporting; 7 organic rows in existing panel. Ordinal inputs CI=4, topical evidence proxy=3, feasibility=3, business/geographic fit=4; not search metrics."
رفوف تخزين أحمال متوسطة الرياض,warehouse racking,ar,Riyadh,Industrial system-specific,,,,,,,krfof.com; zawiashelf.com; diamondshelf.com.sa,/warehouse-racking,70,High,Existing Google SERP snapshot; volume/KD/CPC/trend unavailable,"P2 supporting; 7 organic rows in existing panel. Ordinal inputs CI=4, topical evidence proxy=3, feasibility=3, business/geographic fit=4; not search metrics."
رفوف بقالات وسوبرماركت جدة,retail shelving,ar,Jeddah,Retail/sector,,,,,,,rfcosa.com; haraj.com.sa; instagram.com,/retail-shelving,70,High,Existing Google SERP snapshot; volume/KD/CPC/trend unavailable,"P1 targeted; 7 organic rows in existing panel. Ordinal inputs CI=4, topical evidence proxy=3, feasibility=3, business/geographic fit=4; not search metrics."
رفوف بقالات وسوبرماركت الرياض,retail shelving,ar,Riyadh,Retail/sector,,,,,,,rfcosa.com; haraj.com.sa; facebook.com,/retail-shelving,70,High,Existing Google SERP snapshot; volume/KD/CPC/trend unavailable,"P1 targeted; 7 organic rows in existing panel. Ordinal inputs CI=4, topical evidence proxy=3, feasibility=3, business/geographic fit=4; not search metrics."
الشامخ للرفوف والديكورات,warehouse racking,ar,Jeddah,Brand navigation,,,,,,,rfcosa.com; instagram.com; tiktok.com,/,70,High,Existing Google SERP snapshot; volume/KD/CPC/trend unavailable,"P0 brand verification; 7 organic rows in existing panel. Ordinal inputs CI=4, topical evidence proxy=3, feasibility=3, business/geographic fit=4; not search metrics."
أرفف مستودعات جدة,warehouse storage,ar,Jeddah,Product/category query; mixed intent,,,,,,,haraj.com.sa;uqu.edu.sa;gca.gov.sa,/jeddah,48,Potentially high; verify,Fresh Google SERP snapshot; metrics unavailable,"Mostly rental, warehouse-management and government-policy results; poor shelving-provider match. 8 organic results returned. Ordinal inputs CI=3, topical evidence proxy=1, feasibility=2, business/geographic fit=4. Not volume or KD."
رفوف مخازن الرياض,warehouse storage,ar,Riyadh,Product/category query; mixed intent,,,,,,,rufufna.sa;rfcosa.com;baytonia.com,/warehouse-racking,63,Potentially high; verify,Fresh Google SERP snapshot; metrics unavailable,"Mixed consumer/home storage and commercial shelving. 8 organic results returned. Ordinal inputs CI=3, topical evidence proxy=3, feasibility=3, business/geographic fit=4. Not volume or KD."
تجهيز مستودعات جدة,warehouse setup and installation,ar,Jeddah,Commercial/service phrase; topical fit must be validated,,,,,,,ar.wikipedia.org;services.jeddah.gov.sa;facebook.com,/jeddah,62,Potentially high; verify,Fresh Google SERP snapshot; metrics unavailable,"City/government/news heavy; weak warehouse-equipment intent. 9 organic results returned. Ordinal inputs CI=5, topical evidence proxy=1, feasibility=2, business/geographic fit=4. Not volume or KD."
تجهيز مستودعات الرياض,warehouse setup and installation,ar,Riyadh,Commercial/service phrase; topical fit must be validated,,,,,,,,/riyadh,62,Potentially high; verify,Fresh Google SERP snapshot; metrics unavailable,"City/news/government heavy; weak commercial shelving intent. 7 organic results returned. Ordinal inputs CI=5, topical evidence proxy=1, feasibility=2, business/geographic fit=4. Not volume or KD."
توريد وتركيب رفوف مستودعات جدة,warehouse setup and installation,ar,Jeddah,Commercial/service phrase; topical fit must be validated,,,,,,,,/jeddah,62,Potentially high; verify,Fresh Google SERP snapshot; metrics unavailable,"Returned results drifted into unrelated installation/service categories. 9 organic results returned. Ordinal inputs CI=5, topical evidence proxy=1, feasibility=2, business/geographic fit=4. Not volume or KD."
توريد وتركيب رفوف مستودعات الرياض,warehouse setup and installation,ar,Riyadh,Commercial/service phrase; topical fit must be validated,,,,,,,,/riyadh,62,Potentially high; verify,Fresh Google SERP snapshot; metrics unavailable,"Returned results drifted into unrelated installation/service categories. 9 organic results returned. Ordinal inputs CI=5, topical evidence proxy=1, feasibility=2, business/geographic fit=4. Not volume or KD."
رفوف صناعية جدة,industrial shelving,ar,Jeddah,Product/category query; mixed intent,,,,,,,,/warehouse-racking,48,Potentially high; verify,Fresh Google SERP snapshot; metrics unavailable,"Industrial-word ambiguity; unrelated auto parts/government results. 9 organic results returned. Ordinal inputs CI=3, topical evidence proxy=1, feasibility=2, business/geographic fit=4. Not volume or KD."
رفوف صناعية الرياض,industrial shelving,ar,Riyadh,Product/category query; mixed intent,,,,,,,rufufna.sa;rfcosa.com;baytonia.com,/warehouse-racking,63,Potentially high; verify,Fresh Google SERP snapshot; metrics unavailable,"Relevant shelving but consumer/household skew. 9 organic results returned. Ordinal inputs CI=3, topical evidence proxy=3, feasibility=3, business/geographic fit=4. Not volume or KD."
رفوف حديد جدة,metal storage shelves,ar,Jeddah,Product/category query; mixed intent,,,,,,,rufufna.sa;jst.sa;rfcosa.com,/warehouse-racking,63,Potentially high; verify,Fresh Google SERP snapshot; metrics unavailable,"Mixed household and retail storage shelves. 8 organic results returned. Ordinal inputs CI=3, topical evidence proxy=3, feasibility=3, business/geographic fit=4. Not volume or KD."
رفوف حديد الرياض,metal storage shelves,ar,Riyadh,Product/category query; mixed intent,,,,,,,,/warehouse-racking,48,Potentially high; verify,Fresh Google SERP snapshot; metrics unavailable,"Mostly unrelated results in this snapshot. 6 organic results returned. Ordinal inputs CI=3, topical evidence proxy=1, feasibility=2, business/geographic fit=4. Not volume or KD."
