search_timestamp_provider,search_date_provider,location,country_code,language,device,query,result_type,position,domain,page_url,title,snippet,source_url
timestamp unavailable in calibration response,unavailable,"Jeddah,Saudi Arabia",sa,ar,desktop,أرفف مستودعات جدة,organic,1,haraj.com.sa,https://haraj.com.sa/search/%D9%85%D8%B3%D8%AA%D9%88%D8%AF%D8%B9%D8%A7%D8%AA%20%D9%84%D9%84%D8%A7%D9%8A%D8%AC%D8%A7%D8%B1/,افضل عروض (مستودعات للايجار) جديد و مستعمل في السعودية,"نتائج البحث عن ""مستودعاتللايجار"" ; استراحة كبيرة بحي الغنامية واصله الخدمات للايجار بعقد طويل · الرياض. قبل ٣ ساعات ; حوش للايجار ·جده. قبل ٤ ساعات ; شقق للايجار.",
timestamp unavailable in calibration response,unavailable,"Jeddah,Saudi Arabia",sa,ar,desktop,أرفف مستودعات جدة,organic,2,uqu.edu.sa,https://uqu.edu.sa/whs,ادارة المستودعات,إدارة المستودعات من الإدارات الهامة في جامعة أم القرى، إذ ترتكز عليها الشؤون المالية والإدارية بالجامعة؛ فهي تقوم بحفظ وتخزين وإدارة الأصناف المختلفة التي ...,
timestamp unavailable in calibration response,unavailable,"Jeddah,Saudi Arabia",sa,ar,desktop,أرفف مستودعات جدة,organic,3,gca.gov.sa,https://gca.gov.sa/Lists/CourtSystem/Attachments/2/%D9%82%D9%88%D8%A7%D8%B9%D8%AF%20%D9%88%D8%A5%D8%AC%D8%B1%D8%A7%D8%A1%D8%A7%D8%AA%20%D8%A7%D9%84%D9%85%D8%B3%D8%AA%D9%88%D8%AF%D8%B9%D8%A7%D8%AA%20%D8%A7%D9%84%D8%AD%D9%83%D9%88%D9%85%D9%8A%D8%A9.pdf,قواعد وإجراءات المستودعات الحكومية (PDF),12. وضع المواد المخزنة فيالمستودعاتعلى قوائم،وأرففمعدنية، وعدم وضعها على األرض. مباشرة لحمايتها من التلف، والتقيد بالسعة الحقيقيةللمستودعات، وعدم تكدس ...٤٥ صفحة,
timestamp unavailable in calibration response,unavailable,"Jeddah,Saudi Arabia",sa,ar,desktop,أرفف مستودعات جدة,organic,4,www.mcw.sa,https://www.mcw.sa/,جمعية مستودع المدينة المنورة الخيري,جمعيةمستودعالمدينة المنورة الخيري هي منشاة خدمية تعنى برعاية وتأهيل الأسر الفقيرة وحضانة الأعمال الخيرية، و هي مسجلة لدى وزارة الموارد البشرية و التنمية ...,
timestamp unavailable in calibration response,unavailable,"Jeddah,Saudi Arabia",sa,ar,desktop,أرفف مستودعات جدة,organic,5,www.bayut.sa,https://www.bayut.sa/%D9%84%D9%84%D8%A7%D9%8A%D8%AC%D8%A7%D8%B1/%D9%85%D8%B3%D8%AA%D9%88%D8%AF%D8%B9%D8%A7%D8%AA/%D8%A7%D9%84%D8%B1%D9%8A%D8%A7%D8%B6/,400+ مستودعات للايجار في الرياض,اعثر على 400+مستودعاتللايجار في الرياض. استكشفمستودعاتللايجار مع الأسعار والصور ومعلومات التواصل مع الوكيل وكافة تفاصيل العقار على بيوت السعودية.,
timestamp unavailable in calibration response,unavailable,"Jeddah,Saudi Arabia",sa,ar,desktop,أرفف مستودعات جدة,organic,6,janoubco.com,https://janoubco.com/%D9%85%D8%B5%D8%A7%D8%A8%D9%8A%D8%AD-%D9%87%D9%86%D8%A7%D8%AC%D8%B1-%D9%85%D8%B3%D8%AA%D9%88%D8%AF%D8%B9%D8%A7%D8%AA?srsltid=AU7gw4U60uvHeaBmxGl9noi3SWRKhPWLy0EHQLed1C_ijY3SrW3jEPhc,إضاءة هناجر ومستودعات أكبر سوق انارة | تخفيضات أطلب الآن,مصابيح هناجرومستودعات– إضاءة تصنع الفرق. إضاءة قوية، عملية، ومصممة لتحمّل أقسى الظروف. اختر من تشكيلاتنا المتنوعة التي تشمل كشافات LED عالية الأداء، كشافات ...,
timestamp unavailable in calibration response,unavailable,"Jeddah,Saudi Arabia",sa,ar,desktop,أرفف مستودعات جدة,organic,7,warehousedealarabia.com,https://warehousedealarabia.com/ar,صفقات المستودع Warehouse Deals,صفقاتالمستودع WarehouseDeals · خصم اليوم الوطني 96 وصل وفّر أكثر مع كود*SA96* خصم 15% إضافي فوق أسعارنا المخفضة · ضمان المتجر: 3 أيام استبدال أو استرجاع بدون ...,
timestamp unavailable in calibration response,unavailable,"Jeddah,Saudi Arabia",sa,ar,desktop,أرفف مستودعات جدة,organic,8,momah.gov.sa,https://momah.gov.sa/ar/node/14956,اشتراطات المستودعات والمخازن - 14956 | وزارة البلديات والإسكان,٢١‏/٠٤‏/٢٠٢٥—اشتراطاتالمستودعاتوالمخازن · تاريخ الإصدار · فئة اللوائح. الاشتراطات · نوع اللوائح. الاشتراطات · الحالة.,
timestamp unavailable in calibration response,unavailable,"Riyadh,Saudi Arabia",sa,ar,desktop,رفوف مخازن الرياض,organic,1,rufufna.sa,https://rufufna.sa/ar,رفوفنا,نوفر خدمة تركيب احترافية في مدينتي الرياض و جدة في الوقت الحالي لضمان تركيب الرفوف بشكل آمن وصحيح، مثلرفوف التخزين للمخازن المنزلية، الكراجات، وغرف التخزين ، ...,
timestamp unavailable in calibration response,unavailable,"Riyadh,Saudi Arabia",sa,ar,desktop,رفوف مخازن الرياض,organic,2,rfcosa.com,https://rfcosa.com/ar/%D8%B1%D9%81%D9%88%D9%81/c1151892314,رفوف التخزين والعرض | RFCO,RFCO شركة رف كـو | حلول تخزين وتجهيز متكاملة:رفوف عرض وتخزين، ديكورات محلات ومعارض، لوازم فندقية ومكتبية، وحلول تخزين منزلية – جملة وتجزئة +966510100004 + ...,
timestamp unavailable in calibration response,unavailable,"Riyadh,Saudi Arabia",sa,ar,desktop,رفوف مخازن الرياض,organic,3,baytonia.com,https://baytonia.com/%D8%A7%D8%AB%D8%A7%D8%AB/%D8%BA%D8%B1%D9%81-%D8%A7%D9%84%D9%85%D8%B9%D9%8A%D8%B4%D8%A9/%D8%B1%D9%81%D9%88%D9%81-%D9%88-%D8%AE%D8%B2%D8%A7%D8%A6%D9%86.html?srsltid=AU7gw4Xv5ebmxTcAF282HJTuvCyuFDKvu4PPzJjXVneqIk4uVEM6r0nc,حلول تخزين ورفوف مبتكرة - عروض بيتونيا 2026,وتأتي المجموعة بتصاميم مبتكرة تتضمنرفوف وخزائن مزودة بمساحة تخزين مفتوحة أو مغلقة أو الاثنين معاً، أيضاً تتوفر منها تصاميم بشكل رأسي أو أفقي بأحجام مختلفة ...,
timestamp unavailable in calibration response,unavailable,"Riyadh,Saudi Arabia",sa,ar,desktop,رفوف مخازن الرياض,organic,4,jst.sa,https://jst.sa/categories/181878/%D8%A7%D8%B1%D9%81%D9%81-%D8%AA%D8%AE%D8%B2%D9%8A%D9%86-%D9%88%D8%AA%D9%86%D8%B8%D9%8A%D9%85?srsltid=AU7gw4WXhlVuPpbvUJnhGtR2tG9DVgsjB2_ph5IvHpDnZoxH6jJj6XJ5,ارفف تخزين وتنظيم,من ;ارفف تخزين أسود 5 دور. 297.50; ارفف تخزين أبيض5 دور. 297.50 ; رف تخزين أبيض - 5 مستويات. 131.75 ; رف تخزين حديد - 5 مستويات. 123.25 ; رفوف تخزين 200*60*250سم.,
timestamp unavailable in calibration response,unavailable,"Riyadh,Saudi Arabia",sa,ar,desktop,رفوف مخازن الرياض,organic,5,myrfuf.com,https://myrfuf.com/ar?srsltid=AU7gw4VlpblgnNSYLT_XigjDat_qfZNwNmjwrfonEem-JyEUlBSA4sNp,اقسام ماي رفوف,نحن هنا لنجعل مساحتك أكثر تنظيما وخالية من الفوضى من التخزين المنزلي إلى الرفوف التجارية كما يتوفر توصيل إلى منزلك مباشرة أينما كنت بالمملكة.,
timestamp unavailable in calibration response,unavailable,"Riyadh,Saudi Arabia",sa,ar,desktop,رفوف مخازن الرياض,organic,6,krfof.com,https://krfof.com/?srsltid=AU7gw4UrLUHRm7MoVIzMLcyV-2PnsL7mPTXjtMx-JYBGgIyv0Qximkwk,شركة خبراء الرفوف المحدودة: رفوف تخزين احترافية بأفضل الأسعار,رفوف تخزين حديد وبلاستيك لكل احتياجاتكمن مستودعات ومطابخ وورش ومحلات تحمل حتى 500 كجم توصيل مجاني للرياض وجدة والدمام تسوق الآن من خبراء الرفوف.,
timestamp unavailable in calibration response,unavailable,"Riyadh,Saudi Arabia",sa,ar,desktop,رفوف مخازن الرياض,organic,7,araakstores.com,https://araakstores.com/products/%D8%B1%D9%81%D9%88%D9%81-%D8%AA%D8%AE%D8%B2%D9%8A%D9%86-%D8%B4%D8%A8%D9%83-%D9%83%D8%B1%D9%88%D9%85-?srsltid=AU7gw4VKHCBgnT87ghGtCnrOovL5THe59mMNnNTQnVgR11J8_EixiGIj,رفوف تخزين شبك كروم,رفوف تخزين شبك كروم قوية ومتينة تتحمل حتى 200 كجم، سهلة التركيب والتعديل، توفر مساحة تخزين واسعة بتصميم أنيق يناسب جميع الاستخدامات المنزلية والتجارية.,
timestamp unavailable in calibration response,unavailable,"Riyadh,Saudi Arabia",sa,ar,desktop,رفوف مخازن الرياض,organic,8,apps.apple.com,https://apps.apple.com/af/app/%D8%B1%D9%81%D9%88%D9%81-%D9%83%D8%AA%D8%A8-%D8%B5%D9%88%D8%AA%D9%8A%D8%A9-%D9%88%D8%A5%D9%84%D9%83%D8%AA%D8%B1%D9%88%D9%86%D9%8A%D8%A9/id1115820042,رفوف: كتب صوتية وإلكترونية - App Store - Apple,تطبيق رفوف هو أول مكتبة عربية للكتب الإلكترونيةحيث تضم أكثرمن 30000 كتاب الإلكتروني وصوتي وملخصات الكتب المُختارةخصيصًا لك. استمتع بقراءة الكتب أو سماعها ...,
2026-10-10 05:11:26,2026-10-10,"Jeddah, Saudi Arabia",sa,ar,desktop,تجهيز مستودعات جدة,organic,1,ar.wikipedia.org,https://ar.wikipedia.org/wiki/%D8%AC%D8%AF%D8%A9,جدة,اكتسبتجدةأهمية سياحية وباتت من أكثر المدن السعودية التي تحتضن مرافق ومنشآت سياحية متطورة كالفنادق والشقق المفروشة والمنتجعات والمطاعم، إضافة إلى المراكز ...,https://www.google.com.sa/search?gl=sa&hl=ar&num=10&q=تجهيز مستودعات جدة&uule=w+CAIQICITSmVkZGFoLFNhdWRpIEFyYWJpYQ&op=تجهيز مستودعات جدة&sourceid=chrome&ie=UTF-8
2026-10-10 05:11:26,2026-10-10,"Jeddah, Saudi Arabia",sa,ar,desktop,تجهيز مستودعات جدة,organic,2,services.jeddah.gov.sa,https://services.jeddah.gov.sa/Pages/ServiceInfo.aspx?id=362,الاعتراض على المخالفات,٢٩‏/٠٩‏/٢٠٢٦—اختيار طلب جديد. الاطلاع على المخالفة و تفاصيلها. كتابة وصف واضح لسبب الاعتراض و ارفاق المستندات الداعمة إن وجدت. تقديم طلب الاعتراض.,https://www.google.com.sa/search?gl=sa&hl=ar&num=10&q=تجهيز مستودعات جدة&uule=w+CAIQICITSmVkZGFoLFNhdWRpIEFyYWJpYQ&op=تجهيز مستودعات جدة&sourceid=chrome&ie=UTF-8
2026-10-10 05:11:26,2026-10-10,"Jeddah, Saudi Arabia",sa,ar,desktop,تجهيز مستودعات جدة,organic,3,www.facebook.com,https://www.facebook.com/SaudiaTV/videos/%D8%AC%D8%AF%D8%A9-%D8%A8%D8%B9%D9%8A%D9%88%D9%86-%D8%A3%D9%87%D9%84%D9%87%D8%A7-%D9%85%D8%AF%D9%8A%D9%86%D8%A9-%D9%84%D8%A7-%D8%AA%D8%B4%D8%A8%D9%87-%D8%BA%D9%8A%D8%B1%D9%87%D8%A7-%D8%B5%D9%8A%D9%81_%D8%AF%D9%8A%D8%B1%D8%AA%D9%86%D8%A7-%D9%82%D9%86%D8%A7%D8%A9_%D8%A7%D9%84%D8%B3%D8%B9%D9%88%D8%AF%D9%8A%D8%A9/2206025330186505/,جدة بعيون أهلها.. مدينة لا تشبه غيرها. #صيف_ديرتنا #قناة_السعودية,"This video is a compilation of various clips, primarily in Arabic, that explore the complex and evolving relationship between Saudi Arabia ...",https://www.google.com.sa/search?gl=sa&hl=ar&num=10&q=تجهيز مستودعات جدة&uule=w+CAIQICITSmVkZGFoLFNhdWRpIEFyYWJpYQ&op=تجهيز مستودعات جدة&sourceid=chrome&ie=UTF-8
2026-10-10 05:11:26,2026-10-10,"Jeddah, Saudi Arabia",sa,ar,desktop,تجهيز مستودعات جدة,organic,4,www.samaco.com.sa,https://www.samaco.com.sa/volkswagen/contact-us/%D9%85%D8%B1%D9%83%D8%B2-%D8%B5%D9%8A%D8%A7%D9%86%D8%A9-%D9%81%D9%88%D9%84%D9%83%D8%B3-%D9%88%D8%A7%D8%AC%D9%86-%D8%AC%D8%AF%D8%A9/,"جدة ,الرياض والخبر | مركز صيانة فولكس واجن – جدة","الأحَد, 10:30 - 16:30. الإثْنَين, 10:30 - 16:30. الثَلاثاء, 10:30 - 16:30. الأربَعاء, 10:30 - 16:30. الخَميس, 10:30 - 16:30. الجُمُعة, مغلق. السَبْت, مغلق ...",https://www.google.com.sa/search?gl=sa&hl=ar&num=10&q=تجهيز مستودعات جدة&uule=w+CAIQICITSmVkZGFoLFNhdWRpIEFyYWJpYQ&op=تجهيز مستودعات جدة&sourceid=chrome&ie=UTF-8
2026-10-10 05:11:26,2026-10-10,"Jeddah, Saudi Arabia",sa,ar,desktop,تجهيز مستودعات جدة,organic,5,sakani.sa,https://sakani.sa/app/offplan-projects/1634?lang=ar,اراكو جدة - شركة الرائم العالمية -جدة,"اراكوجدة- شركة الرائم العالمية -جدة. تبدأ الأسعار من. SAR 318,895 غير شامل ضريبة القيمة المضافة. سعر المستفيد يبدأ من. SAR 270,300 غير شامل ضريبة القيمة ...",https://www.google.com.sa/search?gl=sa&hl=ar&num=10&q=تجهيز مستودعات جدة&uule=w+CAIQICITSmVkZGFoLFNhdWRpIEFyYWJpYQ&op=تجهيز مستودعات جدة&sourceid=chrome&ie=UTF-8
2026-10-10 05:11:26,2026-10-10,"Jeddah, Saudi Arabia",sa,ar,desktop,تجهيز مستودعات جدة,organic,6,furas.momah.gov.sa,http://furas.momah.gov.sa/ar/partner-entities/55469,أمانة محافظة جدة - فرص - وزارة البلديات والإسكان,تاجير مؤقت لموقع من نوع الاراضي و الحدائق بحي سبت الجاره نطيطات والعاب هوائية · تاجير مؤقت لموقع من نوع الحدائق و الطرق والارصفة بحي ثلاثاء الخرم بائعة جائلين ...,https://www.google.com.sa/search?gl=sa&hl=ar&num=10&q=تجهيز مستودعات جدة&uule=w+CAIQICITSmVkZGFoLFNhdWRpIEFyYWJpYQ&op=تجهيز مستودعات جدة&sourceid=chrome&ie=UTF-8
2026-10-10 05:11:26,2026-10-10,"Jeddah, Saudi Arabia",sa,ar,desktop,تجهيز مستودعات جدة,organic,7,www.youtube.com,https://www.youtube.com/watch?v=Uw7tMiePOqA,جولة في جدة : من التاريخ إلى الحداثة 🇸🇦,أجمل بلاد بالعالم بالنسبة لي .الشعب المضياف الكريم .شعب عربي محافظ على العادات العربية الاصيلة والهوية الاسلامية ويحترم الجميع .,https://www.google.com.sa/search?gl=sa&hl=ar&num=10&q=تجهيز مستودعات جدة&uule=w+CAIQICITSmVkZGFoLFNhdWRpIEFyYWJpYQ&op=تجهيز مستودعات جدة&sourceid=chrome&ie=UTF-8
2026-10-10 05:11:26,2026-10-10,"Jeddah, Saudi Arabia",sa,ar,desktop,تجهيز مستودعات جدة,organic,8,www.shangri-la.com,https://www.shangri-la.com/ar/jeddah/shangrila/,Luxury 5 Star Hotel in Jeddah,"Our luxury hotel at Shangri-LaJeddahoffers exquisite rooms & suites, many dining options and complimentary WiFi. Book on the official site for the best ...",https://www.google.com.sa/search?gl=sa&hl=ar&num=10&q=تجهيز مستودعات جدة&uule=w+CAIQICITSmVkZGFoLFNhdWRpIEFyYWJpYQ&op=تجهيز مستودعات جدة&sourceid=chrome&ie=UTF-8
2026-10-10 05:11:26,2026-10-10,"Jeddah, Saudi Arabia",sa,ar,desktop,تجهيز مستودعات جدة,organic,9,www.facebook.com,https://www.facebook.com/JeddahAmanah/videos/-%D8%A8%D9%87%D8%AC%D8%A9-%D8%AC%D8%AF%D8%A9-%D8%AA%D9%8F%D8%AD%D9%8A%D9%8A-%D8%A7%D9%84%D9%85%D9%83%D8%A7%D9%86-%D9%84%D8%AA%D8%B9%D9%83%D8%B3-%D8%B1%D9%88%D8%AD-%D8%A7%D9%84%D8%A8%D8%AD%D8%B1-%D9%88%D8%AC%D9%85%D8%A7%D9%84-%D8%A7%D9%84%D9%85%D8%AF%D9%8A%D9%86%D8%A9-%D9%88%D8%AA%D9%8F%D8%B3%D9%87%D9%85-%D9%81%D9%8A-%D8%AE%D9%84%D9%82-%D8%AA%D8%AC%D8%B1%D8%A8%D8%A9-%D8%AD%D8%B6%D8%B1%D9%8A%D8%A9-%D9%85/875609688618421/,‏ | بهجة ‎#جدة تُحيي المكان لتعكس روح البحر وجمال المدينة وتُسهم ...,"الحلم يصبح واقعاً ... Sep 2, 2026 · 22K views.جدةمدينة استثنائية لا تشبه سواها؛ تنوعها ...",https://www.google.com.sa/search?gl=sa&hl=ar&num=10&q=تجهيز مستودعات جدة&uule=w+CAIQICITSmVkZGFoLFNhdWRpIEFyYWJpYQ&op=تجهيز مستودعات جدة&sourceid=chrome&ie=UTF-8
2026-10-10 05:11:26,2026-10-10,"Riyadh, Saudi Arabia",sa,ar,desktop,تجهيز مستودعات الرياض,organic,1,ar.wikipedia.org,https://ar.wikipedia.org/wiki/%D8%A7%D9%84%D8%B1%D9%8A%D8%A7%D8%B6,الرياض - ويكيبيديا,قبل ٢٢ ساعة—تعتمد كل منطقة في المملكة العربية السعودية فيتجهيزمأكولاتها على ما يتوافر في بيئتها المحلية من مكونات، من أبرز الأطباق المشهورة في مدينةالرياضخصوصًا وما ...,https://www.google.com.sa/search?gl=sa&hl=ar&num=10&q=تجهيز مستودعات الرياض&uule=w+CAIQICITUml5YWRoLFNhdWRpIEFyYWJpYQ&op=تجهيز مستودعات الرياض&sourceid=chrome&ie=UTF-8
2026-10-10 05:11:26,2026-10-10,"Riyadh, Saudi Arabia",sa,ar,desktop,تجهيز مستودعات الرياض,organic,2,www.youtube.com,https://www.youtube.com/watch?v=xVQheAB4ueQ,ما هي خيارات الرياض للتعامل مع الحوثيين؟ وإلى أين تتجه المواجهة؟,قال الكاتب والباحث في العلاقات الدولية منالرياضسالم اليامي إن السعودية تركز على تعزيز دفاعاتها وحماية أراضيها في مواجهة التصعيد الحوثي، ...,https://www.google.com.sa/search?gl=sa&hl=ar&num=10&q=تجهيز مستودعات الرياض&uule=w+CAIQICITUml5YWRoLFNhdWRpIEFyYWJpYQ&op=تجهيز مستودعات الرياض&sourceid=chrome&ie=UTF-8
2026-10-10 05:11:26,2026-10-10,"Riyadh, Saudi Arabia",sa,ar,desktop,تجهيز مستودعات الرياض,organic,3,www.alriyadh.com,https://www.alriyadh.com/,جريدة الرياض,النسخة الإلكترونية من صحيفةالرياضاليومية الصادرة عن مؤسسة اليمامة الصحفية.,https://www.google.com.sa/search?gl=sa&hl=ar&num=10&q=تجهيز مستودعات الرياض&uule=w+CAIQICITUml5YWRoLFNhdWRpIEFyYWJpYQ&op=تجهيز مستودعات الرياض&sourceid=chrome&ie=UTF-8
2026-10-10 05:11:26,2026-10-10,"Riyadh, Saudi Arabia",sa,ar,desktop,تجهيز مستودعات الرياض,organic,4,www.riyadbank.com,https://www.riyadbank.com/ar/,بنك الرياض,قبل ساعتين—ب. 13519الرياض6671، هاتف 4013030 11 966+، العنوان الوطني: مركز الملك عبدالله المالي (كافد) البوليفارد المالي - حي العقيق – مبنى رقم ٣١٢٨ –الرياض، المملكة ...,https://www.google.com.sa/search?gl=sa&hl=ar&num=10&q=تجهيز مستودعات الرياض&uule=w+CAIQICITUml5YWRoLFNhdWRpIEFyYWJpYQ&op=تجهيز مستودعات الرياض&sourceid=chrome&ie=UTF-8
2026-10-10 05:11:26,2026-10-10,"Riyadh, Saudi Arabia",sa,ar,desktop,تجهيز مستودعات الرياض,organic,5,www.alriyadh.gov.sa,https://www.alriyadh.gov.sa/ar/new,موقع أمانة الرياض,أمانة منطقةالرياض، تختص بتطوير منطقةالرياضعمرانيًا وتقديم الخدمات البلدية ... أمانةالرياضتوقّع مذكرتي تعاون مع «غرفةالرياض» و«منشآت» برعاية سمو أمينالرياض.,https://www.google.com.sa/search?gl=sa&hl=ar&num=10&q=تجهيز مستودعات الرياض&uule=w+CAIQICITUml5YWRoLFNhdWRpIEFyYWJpYQ&op=تجهيز مستودعات الرياض&sourceid=chrome&ie=UTF-8
2026-10-10 05:11:26,2026-10-10,"Riyadh, Saudi Arabia",sa,ar,desktop,تجهيز مستودعات الرياض,organic,6,www.instagram.com,https://www.instagram.com/rahmariadh/reels/?hl=ar,Rahma Riad | رحمة رياض‎ (@rahmariadh),قبل ١٧ ساعة—rahmariadh. RahmaRiad| رحمةرياض. 9.3M followers. 629 following. “ويلي” Out Now. Follow. Message. Accounts you might like. sariasinger1's profile picture.,https://www.google.com.sa/search?gl=sa&hl=ar&num=10&q=تجهيز مستودعات الرياض&uule=w+CAIQICITUml5YWRoLFNhdWRpIEFyYWJpYQ&op=تجهيز مستودعات الرياض&sourceid=chrome&ie=UTF-8
2026-10-10 05:11:26,2026-10-10,"Riyadh, Saudi Arabia",sa,ar,desktop,تجهيز مستودعات الرياض,organic,7,www.flynas.com,https://www.flynas.com/ar/flights-from-hurghada-to-riyadh,رحلات من الغردقة إلى الرياض إبتداءً من 569.99SAR,قبل ١٨ ساعة—احجز رحلتك اليوم من الغردقة إلىالرياضبأفضل الأسعار مع flynas. استمتع بتجربة طيران استثنائية مع أفضل طيران اقتصادي في الشرق الأوسط. احجز الآن!,https://www.google.com.sa/search?gl=sa&hl=ar&num=10&q=تجهيز مستودعات الرياض&uule=w+CAIQICITUml5YWRoLFNhdWRpIEFyYWJpYQ&op=تجهيز مستودعات الرياض&sourceid=chrome&ie=UTF-8
2026-10-10 05:11:26,2026-10-10,"Jeddah, Saudi Arabia",sa,ar,desktop,توريد وتركيب رفوف مستودعات جدة,organic,1,trkeb.sa,https://trkeb.sa/?srsltid=AU7gw4WQe8N4DwSz0DvOEWdsCmyyY67vhbd8vLgvTbU0Fs3W_iZuQQqr,تركيب - متجر داش كام,احصل على أفضل داش كام في السعودية من ماركات عالمية واستمتع بخدماتتركيبالداش كام وكاميرات المراقبة والأقفال الذكية.,https://www.google.com.sa/search?gl=sa&hl=ar&num=10&q=توريد وتركيب رفوف مستودعات جدة&uule=w+CAIQICITSmVkZGFoLFNhdWRpIEFyYWJpYQ&op=توريد وتركيب رفوف مستودعات جدة&sourceid=chrome&ie=UTF-8
2026-10-10 05:11:26,2026-10-10,"Jeddah, Saudi Arabia",sa,ar,desktop,توريد وتركيب رفوف مستودعات جدة,organic,2,www.nupco.com,https://www.nupco.com/en/tender/%D8%AA%D9%88%D9%82%D9%8A%D8%B9-%D8%A7%D8%AA%D9%81%D8%A7%D9%82%D9%8A%D8%A7%D8%AA-%D8%A7%D8%B7%D8%A7%D8%B1%D9%8A%D8%A9-%D9%84%D8%AA%D9%88%D8%B1%D9%8A%D8%AF-%D9%88%D8%AA%D8%B1%D9%83%D9%8A%D8%A8-%D8%A3-16/,توقيع اتفاقيات اطارية لتوريد وتركيب أجهزة التصوير ...,توقيع اتفاقيات اطاريةلتوريد وتركيبأجهزة التصوير الطبي للجهات الصحية الحكومية. Tender ID. NPT0010/23. Final Results ...,https://www.google.com.sa/search?gl=sa&hl=ar&num=10&q=توريد وتركيب رفوف مستودعات جدة&uule=w+CAIQICITSmVkZGFoLFNhdWRpIEFyYWJpYQ&op=توريد وتركيب رفوف مستودعات جدة&sourceid=chrome&ie=UTF-8
2026-10-10 05:11:26,2026-10-10,"Jeddah, Saudi Arabia",sa,ar,desktop,توريد وتركيب رفوف مستودعات جدة,organic,3,www.ilajak.com,https://www.ilajak.com/ar/blog/dental-implants-vs-crowns-bridges,ما هو الفرق بين زراعة الأسنان وتركيب الأسنان؟,٢٠‏/٠١‏/٢٠٢٥—تعرّف بالتفصيل على الفرق بين زراعة الاسنان والتركيب، أيهما أفضل زراعة الاسنان أمتركيبالاسنان؟ وما هي الحالات التي يكون فيها كل من الزراعة ...,https://www.google.com.sa/search?gl=sa&hl=ar&num=10&q=توريد وتركيب رفوف مستودعات جدة&uule=w+CAIQICITSmVkZGFoLFNhdWRpIEFyYWJpYQ&op=توريد وتركيب رفوف مستودعات جدة&sourceid=chrome&ie=UTF-8
2026-10-10 05:11:26,2026-10-10,"Jeddah, Saudi Arabia",sa,ar,desktop,توريد وتركيب رفوف مستودعات جدة,organic,4,rimrubber.sa,https://rimrubber.sa/ar/delivery-and-installation/?srsltid=AU7gw4W3lJfh34BjZ6oFSZ1up-JypU3UxCWpbQj1-SQ7tAz5DAO3kRgQ,خدمة توصيل وتركيب من فئة 5 نجوم: كفرات مريحة ...,سيتم تركيب او تسليم الكفرات لك بالطريقة التي تختارهاسواءً تركيب بالمنزل او تركيب عند احد الفروع المتعاونة معنا. إيصال الإطارات إلى باب منزلك. 5. قم بتركيب ...,https://www.google.com.sa/search?gl=sa&hl=ar&num=10&q=توريد وتركيب رفوف مستودعات جدة&uule=w+CAIQICITSmVkZGFoLFNhdWRpIEFyYWJpYQ&op=توريد وتركيب رفوف مستودعات جدة&sourceid=chrome&ie=UTF-8
2026-10-10 05:11:26,2026-10-10,"Jeddah, Saudi Arabia",sa,ar,desktop,توريد وتركيب رفوف مستودعات جدة,organic,5,www.youtube.com,https://www.youtube.com/watch?v=sG9RmQ4dMTc,العمليات على الدوال وتركيب دالتين | رياضيات ثالث ثانوي,العمليات على الدوال: 00:00 مثال1: 01:00تركيبدالتين: 05:53 مثال2: 06:25 مجال التركيب: 10:00 مثال3: 10:15 مثال4: 13:20 #رياضيات #ثالث_ثانوي ...,https://www.google.com.sa/search?gl=sa&hl=ar&num=10&q=توريد وتركيب رفوف مستودعات جدة&uule=w+CAIQICITSmVkZGFoLFNhdWRpIEFyYWJpYQ&op=توريد وتركيب رفوف مستودعات جدة&sourceid=chrome&ie=UTF-8
2026-10-10 05:11:26,2026-10-10,"Jeddah, Saudi Arabia",sa,ar,desktop,توريد وتركيب رفوف مستودعات جدة,organic,6,alhussaintoys.net,https://alhussaintoys.net/categories/1542848/%D8%A8%D9%86%D8%A7%D8%A1-%D9%88%D8%AA%D8%B1%D9%83%D9%8A%D8%A8?srsltid=AU7gw4XCevXVbLUbUix66T1zz-nA3gOAUEQuCCofOC0XB_eYeEx3tCXt,ألعاب تركيب أطفال لبناء وتركيب لا نهائي,نمّي مهارات طفلك مع ألعابتركيبأطفال بقطع آمنة وخامات متينة. اطلبها الآن بتوصيل سريع لجميع مدن السعودية.,https://www.google.com.sa/search?gl=sa&hl=ar&num=10&q=توريد وتركيب رفوف مستودعات جدة&uule=w+CAIQICITSmVkZGFoLFNhdWRpIEFyYWJpYQ&op=توريد وتركيب رفوف مستودعات جدة&sourceid=chrome&ie=UTF-8
2026-10-10 05:11:26,2026-10-10,"Jeddah, Saudi Arabia",sa,ar,desktop,توريد وتركيب رفوف مستودعات جدة,organic,7,www.islamweb.net,https://www.islamweb.net/ar/consult/2280807/%D8%A3%D8%B1%D8%BA%D8%A8-%D8%A8%D8%AA%D8%B1%D9%83-%D8%AD%D8%A8%D9%88%D8%A8-%D9%85%D9%86%D8%B9-%D8%A7%D9%84%D8%AD%D9%85%D9%84-%D9%88%D8%AA%D8%B1%D9%83%D9%8A%D8%A8-%D8%A7%D9%84%D9%84%D9%88%D9%84%D8%A8-%D9%81%D8%A3%D9%81%D9%8A%D8%AF%D9%88%D9%86%D9%8A,أرغب بترك حبوب منع الحمل وتركيب اللولب، فأفيدوني,٣٠‏/٠٦‏/٢٠١٥—لا يوجد ألم معتركيباللولب؛ حيث يتمتركيبهبسلاسة ودون حقن، أو شد في اللحم أو الفرج، فقط يتمتركيبجهاز موسع للفرج ويتمتركيبهبطريقة غير مؤلمة ...,https://www.google.com.sa/search?gl=sa&hl=ar&num=10&q=توريد وتركيب رفوف مستودعات جدة&uule=w+CAIQICITSmVkZGFoLFNhdWRpIEFyYWJpYQ&op=توريد وتركيب رفوف مستودعات جدة&sourceid=chrome&ie=UTF-8
2026-10-10 05:11:26,2026-10-10,"Jeddah, Saudi Arabia",sa,ar,desktop,توريد وتركيب رفوف مستودعات جدة,organic,8,www.mayoclinic.org,https://www.mayoclinic.org/ar/tests-procedures/carotid-angioplasty-and-stenting/multimedia/carotid-angioplasty-and-stenting/vid-20084719,فيديو: رأب الوعاء السباتي وتركيب الدعامة,ثم يتم تحريك أنبوب القسطرة عبر الشرايين حتى تصل إلى مكان التضيُّق في الشريان السباتي في العنق. ويتم إدخال مرشح على شكل مظلة خلف منطقة التضيُّق لالتقاط أي رواسب ...,https://www.google.com.sa/search?gl=sa&hl=ar&num=10&q=توريد وتركيب رفوف مستودعات جدة&uule=w+CAIQICITSmVkZGFoLFNhdWRpIEFyYWJpYQ&op=توريد وتركيب رفوف مستودعات جدة&sourceid=chrome&ie=UTF-8
2026-10-10 05:11:26,2026-10-10,"Jeddah, Saudi Arabia",sa,ar,desktop,توريد وتركيب رفوف مستودعات جدة,organic,9,alsanidi.com.sa,https://alsanidi.com.sa/ar/%D8%AE%D9%8A%D9%85%D8%A9-%D9%87%D8%B1%D9%85%D9%8A%D8%A9-%D8%AA%D8%B1%D9%83%D9%8A%D8%A8-%D8%B3%D8%B1%D9%8A%D8%B9/p1205910166?srsltid=AU7gw4VXE2TVnmauKo0pMZKSMKgtiGXJ2DEExuSpoRXw_Qe7NMIDP2K4,خيمة هرمية فك وتركيب 3×3*2.6 م بجودة عالية,مميزات خيمة هرميةتركيبسريع. تصميم هرمي يوفر مساحة داخلية واسعة وثباتًا جيدًا. خيمة سهلة الفكوالتركيبتوفّر عليك الوقت والجهد عند نصبها أو طيّها. مقاس 3 × ...,https://www.google.com.sa/search?gl=sa&hl=ar&num=10&q=توريد وتركيب رفوف مستودعات جدة&uule=w+CAIQICITSmVkZGFoLFNhdWRpIEFyYWJpYQ&op=توريد وتركيب رفوف مستودعات جدة&sourceid=chrome&ie=UTF-8
2026-10-10 05:11:26,2026-10-10,"Riyadh, Saudi Arabia",sa,ar,desktop,توريد وتركيب رفوف مستودعات الرياض,organic,1,trkeb.sa,https://trkeb.sa/?srsltid=AU7gw4XOI1UZdC6eLkWnDw4C37zII3r0n-RGHKA7EB-9hz8IbNTZz6l2,تركيب - متجر داش كام,احصل على أفضل داش كام في السعودية من ماركات عالمية واستمتع بخدماتتركيبالداش كام وكاميرات المراقبة والأقفال الذكية.,https://www.google.com.sa/search?gl=sa&hl=ar&num=10&q=توريد وتركيب رفوف مستودعات الرياض&uule=w+CAIQICITUml5YWRoLFNhdWRpIEFyYWJpYQ&op=توريد وتركيب رفوف مستودعات الرياض&sourceid=chrome&ie=UTF-8
2026-10-10 05:11:26,2026-10-10,"Riyadh, Saudi Arabia",sa,ar,desktop,توريد وتركيب رفوف مستودعات الرياض,organic,2,www.nupco.com,https://www.nupco.com/en/tender/%D8%AA%D9%88%D9%82%D9%8A%D8%B9-%D8%A7%D8%AA%D9%81%D8%A7%D9%82%D9%8A%D8%A7%D8%AA-%D8%A7%D8%B7%D8%A7%D8%B1%D9%8A%D8%A9-%D9%84%D8%AA%D9%88%D8%B1%D9%8A%D8%AF-%D9%88%D8%AA%D8%B1%D9%83%D9%8A%D8%A8-%D8%A3-16/,توقيع اتفاقيات اطارية لتوريد وتركيب أجهزة التصوير ...,"توقيع اتفاقيات اطاريةلتوريد وتركيبأجهزة التصوير الطبي للجهات الصحية الحكومية ... 77664 Al-Olaya 2424, As Sahafah District -Riyadh13315, Saudi Arabia. Follow ...",https://www.google.com.sa/search?gl=sa&hl=ar&num=10&q=توريد وتركيب رفوف مستودعات الرياض&uule=w+CAIQICITUml5YWRoLFNhdWRpIEFyYWJpYQ&op=توريد وتركيب رفوف مستودعات الرياض&sourceid=chrome&ie=UTF-8
2026-10-10 05:11:26,2026-10-10,"Riyadh, Saudi Arabia",sa,ar,desktop,توريد وتركيب رفوف مستودعات الرياض,organic,3,www.ilajak.com,https://www.ilajak.com/ar/blog/dental-implants-vs-crowns-bridges,ما هو الفرق بين زراعة الأسنان وتركيب الأسنان؟,٢٠‏/٠١‏/٢٠٢٥—تعرّف بالتفصيل على الفرق بين زراعة الاسنان والتركيب، أيهما أفضل زراعة الاسنان أمتركيبالاسنان؟ وما هي الحالات التي يكون فيها كل من الزراعة ...,https://www.google.com.sa/search?gl=sa&hl=ar&num=10&q=توريد وتركيب رفوف مستودعات الرياض&uule=w+CAIQICITUml5YWRoLFNhdWRpIEFyYWJpYQ&op=توريد وتركيب رفوف مستودعات الرياض&sourceid=chrome&ie=UTF-8
2026-10-10 05:11:26,2026-10-10,"Riyadh, Saudi Arabia",sa,ar,desktop,توريد وتركيب رفوف مستودعات الرياض,organic,4,www.youtube.com,https://www.youtube.com/watch?v=sG9RmQ4dMTc,العمليات على الدوال وتركيب دالتين | رياضيات ثالث ثانوي,العمليات على الدوال: 00:00 مثال1: 01:00تركيبدالتين: 05:53 مثال2: 06:25 مجال التركيب: 10:00 مثال3: 10:15 مثال4: 13:20 #رياضيات #ثالث_ثانوي ...,https://www.google.com.sa/search?gl=sa&hl=ar&num=10&q=توريد وتركيب رفوف مستودعات الرياض&uule=w+CAIQICITUml5YWRoLFNhdWRpIEFyYWJpYQ&op=توريد وتركيب رفوف مستودعات الرياض&sourceid=chrome&ie=UTF-8
2026-10-10 05:11:26,2026-10-10,"Riyadh, Saudi Arabia",sa,ar,desktop,توريد وتركيب رفوف مستودعات الرياض,organic,5,rimrubber.sa,https://rimrubber.sa/ar/delivery-and-installation/?srsltid=AU7gw4XUgY0OpMsQc5ue0fTyZGbJtaDNbpJlwNShBzcnHL_hZ_jZyqqH,خدمة توصيل وتركيب من فئة 5 نجوم: كفرات مريحة ...,سيتم تركيب او تسليم الكفرات لك بالطريقة التي تختارهاسواءً تركيب بالمنزل او تركيب عند احد الفروع المتعاونة معنا. إيصال الإطارات إلى باب منزلك. 5. قم بتركيب ...,https://www.google.com.sa/search?gl=sa&hl=ar&num=10&q=توريد وتركيب رفوف مستودعات الرياض&uule=w+CAIQICITUml5YWRoLFNhdWRpIEFyYWJpYQ&op=توريد وتركيب رفوف مستودعات الرياض&sourceid=chrome&ie=UTF-8
2026-10-10 05:11:26,2026-10-10,"Riyadh, Saudi Arabia",sa,ar,desktop,توريد وتركيب رفوف مستودعات الرياض,organic,6,www.islamweb.net,https://www.islamweb.net/ar/consult/2280807/%D8%A3%D8%B1%D8%BA%D8%A8-%D8%A8%D8%AA%D8%B1%D9%83-%D8%AD%D8%A8%D9%88%D8%A8-%D9%85%D9%86%D8%B9-%D8%A7%D9%84%D8%AD%D9%85%D9%84-%D9%88%D8%AA%D8%B1%D9%83%D9%8A%D8%A8-%D8%A7%D9%84%D9%84%D9%88%D9%84%D8%A8-%D9%81%D8%A3%D9%81%D9%8A%D8%AF%D9%88%D9%86%D9%8A,أرغب بترك حبوب منع الحمل وتركيب اللولب، فأفيدوني,٣٠‏/٠٦‏/٢٠١٥—لا يوجد ألم معتركيباللولب؛ حيث يتمتركيبهبسلاسة ودون حقن، أو شد في اللحم أو الفرج، فقط يتمتركيبجهاز موسع للفرج ويتمتركيبهبطريقة غير مؤلمة ...,https://www.google.com.sa/search?gl=sa&hl=ar&num=10&q=توريد وتركيب رفوف مستودعات الرياض&uule=w+CAIQICITUml5YWRoLFNhdWRpIEFyYWJpYQ&op=توريد وتركيب رفوف مستودعات الرياض&sourceid=chrome&ie=UTF-8
2026-10-10 05:11:26,2026-10-10,"Riyadh, Saudi Arabia",sa,ar,desktop,توريد وتركيب رفوف مستودعات الرياض,organic,7,alhussaintoys.net,https://alhussaintoys.net/categories/1542848/%D8%A8%D9%86%D8%A7%D8%A1-%D9%88%D8%AA%D8%B1%D9%83%D9%8A%D8%A8?srsltid=AU7gw4U6ABC8BXqqQLo-QMA76hdnYZuDsofziJkuj2Ws45gYurrxqqTF,ألعاب تركيب أطفال لبناء وتركيب لا نهائي,نمّي مهارات طفلك مع ألعابتركيبأطفال بقطع آمنة وخامات متينة. اطلبها الآن بتوصيل سريع لجميع مدن السعودية.,https://www.google.com.sa/search?gl=sa&hl=ar&num=10&q=توريد وتركيب رفوف مستودعات الرياض&uule=w+CAIQICITUml5YWRoLFNhdWRpIEFyYWJpYQ&op=توريد وتركيب رفوف مستودعات الرياض&sourceid=chrome&ie=UTF-8
2026-10-10 05:11:26,2026-10-10,"Riyadh, Saudi Arabia",sa,ar,desktop,توريد وتركيب رفوف مستودعات الرياض,organic,8,www.mayoclinic.org,https://www.mayoclinic.org/ar/tests-procedures/carotid-angioplasty-and-stenting/multimedia/carotid-angioplasty-and-stenting/vid-20084719,فيديو: رأب الوعاء السباتي وتركيب الدعامة,ثم يتم تحريك أنبوب القسطرة عبر الشرايين حتى تصل إلى مكان التضيُّق في الشريان السباتي في العنق. ويتم إدخال مرشح على شكل مظلة خلف منطقة التضيُّق لالتقاط أي رواسب ...,https://www.google.com.sa/search?gl=sa&hl=ar&num=10&q=توريد وتركيب رفوف مستودعات الرياض&uule=w+CAIQICITUml5YWRoLFNhdWRpIEFyYWJpYQ&op=توريد وتركيب رفوف مستودعات الرياض&sourceid=chrome&ie=UTF-8
2026-10-10 05:11:26,2026-10-10,"Riyadh, Saudi Arabia",sa,ar,desktop,توريد وتركيب رفوف مستودعات الرياض,organic,9,www.instagram.com,https://www.instagram.com/reel/DcONg7HsxTG/,بعد القسطرة وتركيب الشبكات… متى نقدر نرجع للرياضة؟ العودة ...,عبدالعزيز راضي القثامي، استشاري القلب وقسطرة الشرايين التاجية في مستشفىالرياض، عن القسطرة القلبية: ما هي، ومتى يحتاجها المريض، ولماذا تُعد من ...,https://www.google.com.sa/search?gl=sa&hl=ar&num=10&q=توريد وتركيب رفوف مستودعات الرياض&uule=w+CAIQICITUml5YWRoLFNhdWRpIEFyYWJpYQ&op=توريد وتركيب رفوف مستودعات الرياض&sourceid=chrome&ie=UTF-8
2026-10-10 05:12:25,2026-10-10,"Jeddah, Saudi Arabia",sa,ar,desktop,رفوف صناعية جدة,organic,1,senaeiah.com,https://senaeiah.com/?srsltid=AU7gw4XqMaRY5cxKwMS0BGPKwi2Lmy49MPozY5P613oTE_ObY0Pajp3x,صناعية Senaeiah Homepage,منتجات جديدة ; دعامية أمامية · KWD16.000 ; صطاب خلفي يسار شكل الوكالة · KWD21.000 ; صطاب خلفي يمين شكل الوكالة · KWD21.000 ; دعامية خلفية كروم سييرا · KWD68.000 ; دعامية ...,https://www.google.com.sa/search?gl=sa&hl=ar&num=10&q=رفوف صناعية جدة&uule=w+CAIQICITSmVkZGFoLFNhdWRpIEFyYWJpYQ&op=رفوف صناعية جدة&sourceid=chrome&ie=UTF-8
2026-10-10 05:12:25,2026-10-10,"Jeddah, Saudi Arabia",sa,ar,desktop,رفوف صناعية جدة,organic,2,www.mim.gov.sa,https://www.mim.gov.sa/ar/services,الخدمات,تجديد الترخيصالصناعي(الإنشاء). لتراخيص مرحلة الإنشاء: يُمدد صلاحية الترخيص لفترة تصل إلى خمس سنوات بعد استيفاء جميع المتطلبات. القطاعالصناعي. تفاصيل الخدمة ...,https://www.google.com.sa/search?gl=sa&hl=ar&num=10&q=رفوف صناعية جدة&uule=w+CAIQICITSmVkZGFoLFNhdWRpIEFyYWJpYQ&op=رفوف صناعية جدة&sourceid=chrome&ie=UTF-8
2026-10-10 05:12:25,2026-10-10,"Jeddah, Saudi Arabia",sa,ar,desktop,رفوف صناعية جدة,organic,3,industry.sa,https://industry.sa/ar,Industry.sa: الصفحة الرئيسية,مستقبل استثمارصناعيمزدهر في منصة موحدة. منصةصناعيتقدم كافة الإمكانيات المُمكّنة لدعم استثماركالصناعيمن المراحل الأولى إلى التصدير بكل يسر و موثوقية لتسهيل ...,https://www.google.com.sa/search?gl=sa&hl=ar&num=10&q=رفوف صناعية جدة&uule=w+CAIQICITSmVkZGFoLFNhdWRpIEFyYWJpYQ&op=رفوف صناعية جدة&sourceid=chrome&ie=UTF-8
2026-10-10 05:12:25,2026-10-10,"Jeddah, Saudi Arabia",sa,ar,desktop,رفوف صناعية جدة,organic,4,my.gov.sa,https://my.gov.sa/ar/services/25187,إصدار ترخيص صناعي,هي خدمة إلكترونية تُصدر من قبل وزارة الصناعة والثروة المعدنية، تتيح للمستثمرالصناعيالحصول على وثيقة تساعده في استكمال المتطلبات اللازمة لتأسيس مشروعهالصناعي.,https://www.google.com.sa/search?gl=sa&hl=ar&num=10&q=رفوف صناعية جدة&uule=w+CAIQICITSmVkZGFoLFNhdWRpIEFyYWJpYQ&op=رفوف صناعية جدة&sourceid=chrome&ie=UTF-8
2026-10-10 05:12:25,2026-10-10,"Jeddah, Saudi Arabia",sa,ar,desktop,رفوف صناعية جدة,organic,5,app.industry.sa,http://app.industry.sa/ar/auth/login/id,منصة صناعي: تسجيل الدخول,ابدأ رحلتكالصناعية. أنشئ حسابك للوصول إلى خدمات منصةصناعيوإدارة رحلتك بكل سهولة. national unified logo. الدخول عبر النفاذ الوطني الموحد.,https://www.google.com.sa/search?gl=sa&hl=ar&num=10&q=رفوف صناعية جدة&uule=w+CAIQICITSmVkZGFoLFNhdWRpIEFyYWJpYQ&op=رفوف صناعية جدة&sourceid=chrome&ie=UTF-8
2026-10-10 05:12:25,2026-10-10,"Jeddah, Saudi Arabia",sa,ar,desktop,رفوف صناعية جدة,organic,6,x.com,https://x.com/Fahad_Y2/status/1797351701071942086?lang=ar,أجمل التخصصات ( الهندسة الصناعية ) وأحبهم بنفس الوقت ولا ...,هذي الشهادات الإحترافية لتخصص الهندسةالصناعيةومثل ما ذكرت فيه الكثير من الشهادات ممكن تكون أفضل من شهادات نفس التخصص وتساعد في تطويرك بشكل ...,https://www.google.com.sa/search?gl=sa&hl=ar&num=10&q=رفوف صناعية جدة&uule=w+CAIQICITSmVkZGFoLFNhdWRpIEFyYWJpYQ&op=رفوف صناعية جدة&sourceid=chrome&ie=UTF-8
2026-10-10 05:12:25,2026-10-10,"Jeddah, Saudi Arabia",sa,ar,desktop,رفوف صناعية جدة,organic,7,modon.gov.sa,https://modon.gov.sa/,الهيئة السعودية للمدن الصناعية ومناطق التقنية,موقع حكومي رسمي تابع لحكومة المملكة العربية السعودية كيف تتحقق. Official government website - Modon. عن مدن. منتجاتنا · خدماتنا. المدنالصناعيةوالمناطق ...,https://www.google.com.sa/search?gl=sa&hl=ar&num=10&q=رفوف صناعية جدة&uule=w+CAIQICITSmVkZGFoLFNhdWRpIEFyYWJpYQ&op=رفوف صناعية جدة&sourceid=chrome&ie=UTF-8
2026-10-10 05:12:25,2026-10-10,"Jeddah, Saudi Arabia",sa,ar,desktop,رفوف صناعية جدة,organic,8,www.youtube.com,https://www.youtube.com/shorts/HQ-lB4ov0h0,صور أقمار صناعية تكشف طرق مستحدثة في باب المندب بالتزامن ...,خريطة_الأحداث | أظهرت صورٌ فضائية التقُطت عبر القمر الصناعي (سينتنال 2) حركة استحداث وتجديد طرق برية، نفذّتها القوات الحكومية، في منطقة باب ...,https://www.google.com.sa/search?gl=sa&hl=ar&num=10&q=رفوف صناعية جدة&uule=w+CAIQICITSmVkZGFoLFNhdWRpIEFyYWJpYQ&op=رفوف صناعية جدة&sourceid=chrome&ie=UTF-8
2026-10-10 05:12:25,2026-10-10,"Jeddah, Saudi Arabia",sa,ar,desktop,رفوف صناعية جدة,organic,9,www.mim.gov.sa,https://www.mim.gov.sa/ar,موقع وزارة الصناعة والثروة المعدنية | المملكة العربية السعودية,الموقع الرسمي لوزارة الصناعة والثروة المعدنية، الجهة المسؤولة عن تطوير قطاعَي الصناعة والتعدين في المملكة العربية السعودية وفق مستهدفات رؤية 2030.,https://www.google.com.sa/search?gl=sa&hl=ar&num=10&q=رفوف صناعية جدة&uule=w+CAIQICITSmVkZGFoLFNhdWRpIEFyYWJpYQ&op=رفوف صناعية جدة&sourceid=chrome&ie=UTF-8
2026-10-10 05:12:25,2026-10-10,"Riyadh, Saudi Arabia",sa,ar,desktop,رفوف صناعية الرياض,organic,1,rufufna.sa,https://rufufna.sa/ar,رفوفنا,رفوفنا متجر متخصص في حلول التخزين الحديثة لاستغلال المساحات في المستودعات والمحلات التجارية والمنازل مع منتجات عالية الجودة وخدمات ما بعد البيع مع توصيل ...,https://www.google.com.sa/search?gl=sa&hl=ar&num=10&q=رفوف صناعية الرياض&uule=w+CAIQICITUml5YWRoLFNhdWRpIEFyYWJpYQ&op=رفوف صناعية الرياض&sourceid=chrome&ie=UTF-8
2026-10-10 05:12:25,2026-10-10,"Riyadh, Saudi Arabia",sa,ar,desktop,رفوف صناعية الرياض,organic,2,rfcosa.com,https://rfcosa.com/ar/%D8%B1%D9%81%D9%88%D9%81/c1151892314,رفوف التخزين والعرض | RFCO,رفوف تخزين وعرض للمستودعات والمحلات، عالية التحمل وبمقاسات متعددة، مع خيار التركيب والبيع بالجملة.,https://www.google.com.sa/search?gl=sa&hl=ar&num=10&q=رفوف صناعية الرياض&uule=w+CAIQICITUml5YWRoLFNhdWRpIEFyYWJpYQ&op=رفوف صناعية الرياض&sourceid=chrome&ie=UTF-8
2026-10-10 05:12:25,2026-10-10,"Riyadh, Saudi Arabia",sa,ar,desktop,رفوف صناعية الرياض,organic,3,baytonia.com,https://baytonia.com/%D8%A7%D8%AB%D8%A7%D8%AB/%D8%BA%D8%B1%D9%81-%D8%A7%D9%84%D9%85%D8%B9%D9%8A%D8%B4%D8%A9/%D8%B1%D9%81%D9%88%D9%81-%D9%88-%D8%AE%D8%B2%D8%A7%D8%A6%D9%86.html?srsltid=AU7gw4UjbXPrn9t0Lys-2xgJhSpxSi-JAY9_w0M2CxlJ_fBYnxavP-cH,حلول تخزين ورفوف مبتكرة - عروض بيتونيا 2026,وتأتي المجموعة بتصاميم مبتكرة تتضمنرفوف وخزائن مزودة بمساحة تخزين مفتوحة أو مغلقة أو الاثنين معاً، أيضاً تتوفر منها تصاميم بشكل رأسي أو أفقي بأحجام مختلفة ...,https://www.google.com.sa/search?gl=sa&hl=ar&num=10&q=رفوف صناعية الرياض&uule=w+CAIQICITUml5YWRoLFNhdWRpIEFyYWJpYQ&op=رفوف صناعية الرياض&sourceid=chrome&ie=UTF-8
2026-10-10 05:12:25,2026-10-10,"Riyadh, Saudi Arabia",sa,ar,desktop,رفوف صناعية الرياض,organic,4,jst.sa,https://jst.sa/categories/181878/%D8%A7%D8%B1%D9%81%D9%81-%D8%AA%D8%AE%D8%B2%D9%8A%D9%86-%D9%88%D8%AA%D9%86%D8%B8%D9%8A%D9%85?srsltid=AU7gw4VYHwugW_nRS7rqG_6yvGdNo6Cm33xsoJD389YoUdXL6-l7iMeY,ارفف تخزين وتنظيم,من ; ارفف تخزين أسود 5 دور. 297.50 ; ارفف تخزين أبيض5 دور. 297.50 ; رف تخزين أبيض - 5 مستويات. 131.75 ; رف تخزين حديد - 5 مستويات. 123.25 ;رفوفتخزين 200*60*250سم.,https://www.google.com.sa/search?gl=sa&hl=ar&num=10&q=رفوف صناعية الرياض&uule=w+CAIQICITUml5YWRoLFNhdWRpIEFyYWJpYQ&op=رفوف صناعية الرياض&sourceid=chrome&ie=UTF-8
2026-10-10 05:12:25,2026-10-10,"Riyadh, Saudi Arabia",sa,ar,desktop,رفوف صناعية الرياض,organic,5,myrfuf.com,https://myrfuf.com/ar?srsltid=AU7gw4UOIW50Xf39G-3Ul2spb5hfCAZaVmiMBPqwc0B-DzSL4P10wOUJ,اقسام ماي رفوف,نحن هنا لنجعل مساحتك أكثر تنظيما وخالية من الفوضى من التخزين المنزلي إلى الرفوف التجارية كما يتوفر توصيل إلى منزلك مباشرة أينما كنت بالمملكة.,https://www.google.com.sa/search?gl=sa&hl=ar&num=10&q=رفوف صناعية الرياض&uule=w+CAIQICITUml5YWRoLFNhdWRpIEFyYWJpYQ&op=رفوف صناعية الرياض&sourceid=chrome&ie=UTF-8
2026-10-10 05:12:25,2026-10-10,"Riyadh, Saudi Arabia",sa,ar,desktop,رفوف صناعية الرياض,organic,6,krfof.com,https://krfof.com/?srsltid=AU7gw4U4_VASeVDT2QqWtjH5nYtfm-mqSXjCZLn0Wj46RgVGkUIFhIK6,شركة خبراء الرفوف المحدودة: رفوف تخزين احترافية بأفضل الأسعار,رفوفتخزين حديد وبلاستيك لكل احتياجاتك من مستودعات ومطابخ وورش ومحلات تحمل حتى 500 كجم توصيل مجاني للرياض وجدة والدمام تسوق الآن من خبراء الرفوف.,https://www.google.com.sa/search?gl=sa&hl=ar&num=10&q=رفوف صناعية الرياض&uule=w+CAIQICITUml5YWRoLFNhdWRpIEFyYWJpYQ&op=رفوف صناعية الرياض&sourceid=chrome&ie=UTF-8
2026-10-10 05:12:25,2026-10-10,"Riyadh, Saudi Arabia",sa,ar,desktop,رفوف صناعية الرياض,organic,7,rufoof.com,https://rufoof.com/,رفوف | متعة القراءة,تطوير الذات · علوم اجتماعية. عنوان.٣١٠٢ طريق الامام سعود بن عبدالعزيز بن محمد ٦١٨٢ حي المصيف، ١٢٤٦٥ الرياضالمملكة العربية السعودية. رفوف © 2026 جميع الحقوق ...,https://www.google.com.sa/search?gl=sa&hl=ar&num=10&q=رفوف صناعية الرياض&uule=w+CAIQICITUml5YWRoLFNhdWRpIEFyYWJpYQ&op=رفوف صناعية الرياض&sourceid=chrome&ie=UTF-8
2026-10-10 05:12:25,2026-10-10,"Riyadh, Saudi Arabia",sa,ar,desktop,رفوف صناعية الرياض,organic,8,apps.apple.com,https://apps.apple.com/af/app/%D8%B1%D9%81%D9%88%D9%81-%D9%83%D8%AA%D8%A8-%D8%B5%D9%88%D8%AA%D9%8A%D8%A9-%D9%88%D8%A5%D9%84%D9%83%D8%AA%D8%B1%D9%88%D9%86%D9%8A%D8%A9/id1115820042,رفوف: كتب صوتية وإلكترونية - App Store - Apple,تطبيق رفوف هو أول مكتبة عربية للكتب الإلكترونيةحيث تضم أكثرمن 30000 كتاب الإلكتروني وصوتي وملخصات الكتب المُختارةخصيصًا لك. استمتع بقراءة الكتب أو سماعها ...,https://www.google.com.sa/search?gl=sa&hl=ar&num=10&q=رفوف صناعية الرياض&uule=w+CAIQICITUml5YWRoLFNhdWRpIEFyYWJpYQ&op=رفوف صناعية الرياض&sourceid=chrome&ie=UTF-8
2026-10-10 05:12:25,2026-10-10,"Riyadh, Saudi Arabia",sa,ar,desktop,رفوف صناعية الرياض,organic,9,shelv23.com,https://shelv23.com/,متجر بحر الرفوف التجارية,شحن وتركيب مجاني. خلال 24 ساعة فيالرياض، جدة، والدمام. · ضمان لمدة عامين. نضمن لك جودةالرفوفضد الانكسار أو الانحناء. · حمولة تصل لـ 300 كجم.رفوففولاذية مصممة ...,https://www.google.com.sa/search?gl=sa&hl=ar&num=10&q=رفوف صناعية الرياض&uule=w+CAIQICITUml5YWRoLFNhdWRpIEFyYWJpYQ&op=رفوف صناعية الرياض&sourceid=chrome&ie=UTF-8
2026-10-10 05:12:25,2026-10-10,"Jeddah, Saudi Arabia",sa,ar,desktop,رفوف حديد جدة,organic,1,rufufna.sa,https://rufufna.sa/ar/,رفوفنا,"نعم، نوفر خدمة تركيب احترافية في مدينتي الرياض وجدةفي الوقت الحالي لضمان تركيبالرفوفبشكل آمن وصحيح، بما يتوافق مع معايير الجودة والسلامة , وسنسعى. كيف ...",https://www.google.com.sa/search?gl=sa&hl=ar&num=10&q=رفوف حديد جدة&uule=w+CAIQICITSmVkZGFoLFNhdWRpIEFyYWJpYQ&op=رفوف حديد جدة&sourceid=chrome&ie=UTF-8
2026-10-10 05:12:25,2026-10-10,"Jeddah, Saudi Arabia",sa,ar,desktop,رفوف حديد جدة,organic,2,jst.sa,https://jst.sa/categories/181878/%D8%A7%D8%B1%D9%81%D9%81-%D8%AA%D8%AE%D8%B2%D9%8A%D9%86-%D9%88%D8%AA%D9%86%D8%B8%D9%8A%D9%85?srsltid=AU7gw4X83fEMg52GBHUuqlVbEkd0463AMzCasC8SCQq9GVMFLxFTRtFC,ارفف تخزين وتنظيم,ارفف تخزين أسود 5 دور. 297.50 ; ارفف تخزين أبيض5 دور. 297.50 ; رف تخزين أبيض - 5 مستويات. 131.75 ;رف تخزين حديد - 5 مستويات. 123.25 ; رفوف تخزين 200*60*250سم.,https://www.google.com.sa/search?gl=sa&hl=ar&num=10&q=رفوف حديد جدة&uule=w+CAIQICITSmVkZGFoLFNhdWRpIEFyYWJpYQ&op=رفوف حديد جدة&sourceid=chrome&ie=UTF-8
2026-10-10 05:12:25,2026-10-10,"Jeddah, Saudi Arabia",sa,ar,desktop,رفوف حديد جدة,organic,3,rfcosa.com,https://rfcosa.com/ar/%D8%B1%D9%81%D9%88%D9%81/c1151892314,رفوف التخزين والعرض | RFCO,مكة المكرمة. 5.0.الرفوف حديد جودتها ممتازة ركبتها بنفسي احتجت مطرقة مطاط فقط عشان ماجرح الحديد ... RFCO. شركة رف كـو | حلول تخزين وتجهيز متكاملة: رفوف عرض ...,https://www.google.com.sa/search?gl=sa&hl=ar&num=10&q=رفوف حديد جدة&uule=w+CAIQICITSmVkZGFoLFNhdWRpIEFyYWJpYQ&op=رفوف حديد جدة&sourceid=chrome&ie=UTF-8
2026-10-10 05:12:25,2026-10-10,"Jeddah, Saudi Arabia",sa,ar,desktop,رفوف حديد جدة,organic,4,baytonia.com,https://baytonia.com/%D8%A7%D8%AB%D8%A7%D8%AB/%D8%BA%D8%B1%D9%81-%D8%A7%D9%84%D9%85%D8%B9%D9%8A%D8%B4%D8%A9/%D8%B1%D9%81%D9%88%D9%81-%D9%88-%D8%AE%D8%B2%D8%A7%D8%A6%D9%86.html?srsltid=AU7gw4WK2gtCjkMI50aOROqu_E7eFvtUqJUx-yaXBcRaWT4mN_ZDZWBZ,حلول تخزين ورفوف مبتكرة - عروض بيتونيا 2026,تشكيلة واسعة من رفوف وخزائن التنظيمبتصاميم عملية وجودة استثنائية توفر لك حلولاً مبتكرة للتنظيم والترتيب مع مراعاة استغلال أقل مساحة ممكنة وضمان شكل جمالي مميز ...,https://www.google.com.sa/search?gl=sa&hl=ar&num=10&q=رفوف حديد جدة&uule=w+CAIQICITSmVkZGFoLFNhdWRpIEFyYWJpYQ&op=رفوف حديد جدة&sourceid=chrome&ie=UTF-8
2026-10-10 05:12:25,2026-10-10,"Jeddah, Saudi Arabia",sa,ar,desktop,رفوف حديد جدة,organic,5,myrfuf.com,https://myrfuf.com/ar?srsltid=AU7gw4XWL6j0PEkaAk2KTQeX9VEGLKsI4FP-hzg9yMjh6B644ZEbJWj6,اقسام ماي رفوف,رفوف تخزين · عرض الكل ·رفوف تخزين حديد 4 أدوار· عرض الكل · رفوف عمق 45 - 50 سم · رفوف عمق 60 سم · رفوف تخزين حديد عمق 90 سم ثقيل · رفوف حديد بدون مسامير.,https://www.google.com.sa/search?gl=sa&hl=ar&num=10&q=رفوف حديد جدة&uule=w+CAIQICITSmVkZGFoLFNhdWRpIEFyYWJpYQ&op=رفوف حديد جدة&sourceid=chrome&ie=UTF-8
2026-10-10 05:12:25,2026-10-10,"Jeddah, Saudi Arabia",sa,ar,desktop,رفوف حديد جدة,organic,6,krfof.com,https://krfof.com/?srsltid=AU7gw4VJ4_gEDLm5mFQEHBFx0Xe2i9FvVJkZP6P061PCgOzJnWWsS0BK,شركة خبراء الرفوف المحدودة: رفوف تخزين احترافية بأفضل الأسعار,رفوف تخزين حديد وبلاستيك لكل احتياجاتكمن مستودعات ومطابخ وورش ومحلات تحمل حتى 500 كجم توصيل مجاني للرياض وجدة والدمام تسوق الآن من خبراء الرفوف.,https://www.google.com.sa/search?gl=sa&hl=ar&num=10&q=رفوف حديد جدة&uule=w+CAIQICITSmVkZGFoLFNhdWRpIEFyYWJpYQ&op=رفوف حديد جدة&sourceid=chrome&ie=UTF-8
2026-10-10 05:12:25,2026-10-10,"Jeddah, Saudi Arabia",sa,ar,desktop,رفوف حديد جدة,organic,7,rufoof.com,https://rufoof.com/,رفوف | متعة القراءة,قصص وروايات الأدب والشعر كتب اسلامية تاريخ وجغرافيا تطوير الذات علوم اجتماعية تراجم وسير أطفال علوم دينية سياسية وعسكرية إدارة وأعمال. English Books,https://www.google.com.sa/search?gl=sa&hl=ar&num=10&q=رفوف حديد جدة&uule=w+CAIQICITSmVkZGFoLFNhdWRpIEFyYWJpYQ&op=رفوف حديد جدة&sourceid=chrome&ie=UTF-8
2026-10-10 05:12:25,2026-10-10,"Jeddah, Saudi Arabia",sa,ar,desktop,رفوف حديد جدة,organic,8,apps.apple.com,https://apps.apple.com/af/app/%D8%B1%D9%81%D9%88%D9%81-%D9%83%D8%AA%D8%A8-%D8%B5%D9%88%D8%AA%D9%8A%D8%A9-%D9%88%D8%A5%D9%84%D9%83%D8%AA%D8%B1%D9%88%D9%86%D9%8A%D8%A9/id1115820042,رفوف: كتب صوتية وإلكترونية - App Store - Apple,تطبيق رفوف هو أول مكتبة عربية للكتب الإلكترونيةحيث تضم أكثرمن 30000 كتاب الإلكتروني وصوتي وملخصات الكتب المُختارةخصيصًا لك. استمتع بقراءة الكتب أو سماعها ...,https://www.google.com.sa/search?gl=sa&hl=ar&num=10&q=رفوف حديد جدة&uule=w+CAIQICITSmVkZGFoLFNhdWRpIEFyYWJpYQ&op=رفوف حديد جدة&sourceid=chrome&ie=UTF-8
2026-10-10 05:12:25,2026-10-10,"Riyadh, Saudi Arabia",sa,ar,desktop,رفوف حديد الرياض,organic,1,ar.wikipedia.org,https://ar.wikipedia.org/wiki/%D8%A7%D9%84%D8%B1%D9%8A%D8%A7%D8%B6,الرياض - ويكيبيديا,قبل ٢٢ ساعة—الرِّيَاضهي عاصمة المملكة العربية السعودية، وأكبر مدنها وثالث أكبر عاصمة عربية من حيث عدد السكان. تقعالرياضوسط شبه الجزيرة العربية في هضبة نجد، على ...,https://www.google.com.sa/search?gl=sa&hl=ar&num=10&q=رفوف حديد الرياض&uule=w+CAIQICITUml5YWRoLFNhdWRpIEFyYWJpYQ&op=رفوف حديد الرياض&sourceid=chrome&ie=UTF-8
2026-10-10 05:12:25,2026-10-10,"Riyadh, Saudi Arabia",sa,ar,desktop,رفوف حديد الرياض,organic,2,www.alriyadh.com,https://www.alriyadh.com/,جريدة الرياض,النسخة الإلكترونية من صحيفةالرياضاليومية الصادرة عن مؤسسة اليمامة الصحفية.,https://www.google.com.sa/search?gl=sa&hl=ar&num=10&q=رفوف حديد الرياض&uule=w+CAIQICITUml5YWRoLFNhdWRpIEFyYWJpYQ&op=رفوف حديد الرياض&sourceid=chrome&ie=UTF-8
2026-10-10 05:12:25,2026-10-10,"Riyadh, Saudi Arabia",sa,ar,desktop,رفوف حديد الرياض,organic,3,www.riyadbank.com,https://www.riyadbank.com/ar/,بنك الرياض,قبل ساعتين—ب. 13519الرياض6671، هاتف 4013030 11 966+، العنوان الوطني: مركز الملك عبدالله المالي (كافد) البوليفارد المالي - حي العقيق – مبنى رقم ٣١٢٨ –الرياض، المملكة ...,https://www.google.com.sa/search?gl=sa&hl=ar&num=10&q=رفوف حديد الرياض&uule=w+CAIQICITUml5YWRoLFNhdWRpIEFyYWJpYQ&op=رفوف حديد الرياض&sourceid=chrome&ie=UTF-8
2026-10-10 05:12:25,2026-10-10,"Riyadh, Saudi Arabia",sa,ar,desktop,رفوف حديد الرياض,organic,4,www.alriyadh.gov.sa,https://www.alriyadh.gov.sa/ar/new,موقع أمانة الرياض,أمانة منطقةالرياض، تختص بتطوير منطقةالرياضعمرانيًا وتقديم الخدمات البلدية ... أمانةالرياضتوقّع مذكرتي تعاون مع «غرفةالرياض» و«منشآت» برعاية سمو أمينالرياض.,https://www.google.com.sa/search?gl=sa&hl=ar&num=10&q=رفوف حديد الرياض&uule=w+CAIQICITUml5YWRoLFNhdWRpIEFyYWJpYQ&op=رفوف حديد الرياض&sourceid=chrome&ie=UTF-8
2026-10-10 05:12:25,2026-10-10,"Riyadh, Saudi Arabia",sa,ar,desktop,رفوف حديد الرياض,organic,5,x.com,https://x.com/Riyadh_Parking/status/1894084982903046421,"""تعرف على أوقات تشغيل مشروع #مواقف_الرياض خلال شهر ...",السلام عليكم ورحمة الله وبركاته اعتذر لارسال هذه الرساله لكن ف طريق الملك فهد العليا وقفت ف المواقف الداخليه المقابله لصيدلية النهدي وجاي ...,https://www.google.com.sa/search?gl=sa&hl=ar&num=10&q=رفوف حديد الرياض&uule=w+CAIQICITUml5YWRoLFNhdWRpIEFyYWJpYQ&op=رفوف حديد الرياض&sourceid=chrome&ie=UTF-8
2026-10-10 05:12:25,2026-10-10,"Riyadh, Saudi Arabia",sa,ar,desktop,رفوف حديد الرياض,organic,6,www.flynas.com,https://www.flynas.com/ar/flights-from-hurghada-to-riyadh,رحلات من الغردقة إلى الرياض إبتداءً من 569.99SAR,قبل ١٨ ساعة—احجز رحلتك اليوم من الغردقة إلىالرياضبأفضل الأسعار مع flynas. استمتع بتجربة طيران استثنائية مع أفضل طيران اقتصادي في الشرق الأوسط. احجز الآن!,https://www.google.com.sa/search?gl=sa&hl=ar&num=10&q=رفوف حديد الرياض&uule=w+CAIQICITUml5YWRoLFNhdWRpIEFyYWJpYQ&op=رفوف حديد الرياض&sourceid=chrome&ie=UTF-8
