"search_timestamp","search_date","location","country_code","language","device","query","result_type","position","domain","page_url","title","snippet","source_url"
"2026-10-09 04:46:16","2026-10-09","Jeddah, Saudi Arabia","sa","ar","desktop","رفوف مستودعات جدة","organic","1","sadr.com.sa","https://www.sadr.com.sa/ar/blog/%D8%B1%D9%81%D9%88%D9%81-%D9%85%D8%B3%D8%AA%D9%88%D8%AF%D8%B9%D8%A7%D8%AA-%D8%AC%D8%AF%D9%87","رفوف مستودعات في جدة | حلول تخزين من صدر","٢٧‏/٠٤‏/٢٠٢٦—تساعدك شركة صدر للخدمات اللوجستية فيتصميم وتوريد وتركيب أفضل رفوف مستودعات جده، مع حلول مخصصة تضمن لك أعلى جودة وكفاءة في تنظيم وتخزين البضائع.","https://www.google.com/search?gl=sa&hl=ar&num=10&q=رفوف مستودعات جدة&uule=w+CAIQICITSmVkZGFoLFNhdWRpIEFyYWJpYQ&op=رفوف مستودعات جدة&sourceid=chrome&ie=UTF-8"
"2026-10-09 04:46:16","2026-10-09","Jeddah, Saudi Arabia","sa","ar","desktop","رفوف مستودعات جدة","organic","2","rfcosa.com","https://rfcosa.com/ar/%D8%B1%D9%81%D9%88%D9%81-%D8%AA%D8%AE%D8%B2%D9%8A%D9%86-%D9%88%D8%AA%D9%86%D8%B8%D9%8A%D9%85/c201713318","رفوف التخزين والتنظيم | RFCO","رفوفتخزين وتنظيم معدنية عالية التحمل للمستودعات والمحلات والمخازن. تصميم عملي ومقاسات متنوعة تناسب الاستخدام التجاري وتنظيم البضائع.","https://www.google.com/search?gl=sa&hl=ar&num=10&q=رفوف مستودعات جدة&uule=w+CAIQICITSmVkZGFoLFNhdWRpIEFyYWJpYQ&op=رفوف مستودعات جدة&sourceid=chrome&ie=UTF-8"
"2026-10-09 04:46:16","2026-10-09","Jeddah, Saudi Arabia","sa","ar","desktop","رفوف مستودعات جدة","organic","3","haraj.com.sa","https://haraj.com.sa/1123704522/%D8%B1%D9%81%D9%88%D9%81_%D9%81%D9%8A_%D8%AC%D8%AF%D8%A9_%D8%AC%D9%85%D9%8A%D8%B9_%D8%A7%D9%86%D9%88%D8%A7%D8%B9_%D8%A7%D9%84%D8%A7%D8%B1%D9%81%D9%81_%D8%A7%D9%84%D9%85%D8%B3%D8%AA%D9%88%D8%AF%D8%B9%D8%A7%D8%AA/","رفوف في جدة جميع انواع الارفف المستودعات","العرض محذوف او قديم.رفوففيجدةجميع انواع الارففالمستودعات.","https://www.google.com/search?gl=sa&hl=ar&num=10&q=رفوف مستودعات جدة&uule=w+CAIQICITSmVkZGFoLFNhdWRpIEFyYWJpYQ&op=رفوف مستودعات جدة&sourceid=chrome&ie=UTF-8"
"2026-10-09 04:46:16","2026-10-09","Jeddah, Saudi Arabia","sa","ar","desktop","رفوف مستودعات جدة","organic","4","krfof.com","https://krfof.com/%D8%B1%D9%81%D9%88%D9%81-%D8%A7%D8%AD%D9%85%D8%A7%D9%84-%D8%AB%D9%82%D9%8A%D9%84%D8%A9/c492940933?srsltid=AU7gw4VIdVd9Aj1GTztmvomJ7pUBp1j4vhxZZbDroUz14mV6g7ta0YQB","رفوف تخزين أحمال ثقيلة للمستودعات والورش","رفوف حديد سميك مجلفن تتحمل حتى 500 كجم للمستودعاتوالمصانع شحن وتركيب مجاني خلال 24 ساعة للرياض وجدة والدمام ضمان عامين ضد الانحناء.","https://www.google.com/search?gl=sa&hl=ar&num=10&q=رفوف مستودعات جدة&uule=w+CAIQICITSmVkZGFoLFNhdWRpIEFyYWJpYQ&op=رفوف مستودعات جدة&sourceid=chrome&ie=UTF-8"
"2026-10-09 04:46:16","2026-10-09","Jeddah, Saudi Arabia","sa","ar","desktop","رفوف مستودعات جدة","organic","5","arfaf-ksa.com","https://arfaf-ksa.com/","Arfaf-KSA: Home","توريد وتجهيز المستودعات والمحلات التجاريهفك وتركيب رفوف المستودعات والمحلات باحترافيه عاليه ارفف تخزين تجهيزات السوبر ماركت والمستودعات بيع وشراء الرفوف ...","https://www.google.com/search?gl=sa&hl=ar&num=10&q=رفوف مستودعات جدة&uule=w+CAIQICITSmVkZGFoLFNhdWRpIEFyYWJpYQ&op=رفوف مستودعات جدة&sourceid=chrome&ie=UTF-8"
"2026-10-09 04:46:16","2026-10-09","Jeddah, Saudi Arabia","sa","ar","desktop","رفوف مستودعات جدة","organic","6","jst.sa","https://jst.sa/categories/181878/%D8%A7%D8%B1%D9%81%D9%81-%D8%AA%D8%AE%D8%B2%D9%8A%D9%86-%D9%88%D8%AA%D9%86%D8%B8%D9%8A%D9%85?srsltid=AU7gw4V7wQLML8BSR68tR7kt8HBPjrlTQ-q3q9MTd7qN_6I65Xs8rE8G","ارفف تخزين وتنظيم","ارفف تخزين أسود 5 دور. 297.50; ارفف تخزين أبيض5 دور. 297.50 ; رف تخزين أبيض - 5 مستويات. 131.75 ; رف تخزين حديد - 5 مستويات. 123.25 ; رفوف تخزين 200*60*250سم.","https://www.google.com/search?gl=sa&hl=ar&num=10&q=رفوف مستودعات جدة&uule=w+CAIQICITSmVkZGFoLFNhdWRpIEFyYWJpYQ&op=رفوف مستودعات جدة&sourceid=chrome&ie=UTF-8"
"2026-10-09 04:46:16","2026-10-09","Jeddah, Saudi Arabia","sa","ar","desktop","رفوف مستودعات جدة","organic","7","alharbililtijara.com","https://alharbililtijara.com/products/%D8%B1%D9%81%D9%88%D9%81-%D9%85%D8%B3%D8%AA%D9%88%D8%AF%D8%B9%D8%A7%D8%AA-%D8%AD%D8%AF%D9%8A%D8%AF-4-%D8%A3%D8%B1%D9%81%D9%81-%D8%AD%D9%85%D9%88%D9%84%D8%A9-300-%D9%83%D8%AC%D9%85-%D9%84%D9%83%D9%84-%D8%B1%D9%81-%D8%A3%D8%B2%D8%B1%D9%82-%D8%A8%D8%B1%D8%AA%D9%82%D8%A7%D9%84%D9%8A?srsltid=AU7gw4VyDEBk-QJkzhgc9v9eQvKfT2vDDcMwupZZAx-hWdTL6MZ3jc0g","رفوف مستودعات حديد 4 أرفف - حمولة 300 كجم لكل رف","يتحمل 300 كجم لكل رف، ومصنوع من فولاذ مطلي يقدم ثبات أعلى ومقاومة ممتازة للصدأ. اللون الأزرق مع البرتقالي يعطي وضوح أكبر في أماكن العمل وتقدر تعدل ارتفاع الرفوف ...","https://www.google.com/search?gl=sa&hl=ar&num=10&q=رفوف مستودعات جدة&uule=w+CAIQICITSmVkZGFoLFNhdWRpIEFyYWJpYQ&op=رفوف مستودعات جدة&sourceid=chrome&ie=UTF-8"
"2026-10-09 04:46:16","2026-10-09","Jeddah, Saudi Arabia","sa","ar","desktop","رفوف مستودعات جدة","organic","8","rfufco.com.sa","https://www.rfufco.com.sa/","رفوف مستودعات I رفوف طبالي I أرفف مخازن I رفوف تخزين ...","رفوفكو متخصصة في تصميم وتنفيذ أنظمة رفوف المستودعاتوحلول التخزين والمناولة وأتمتة المستودعات في المملكة العربية السعودية، بما في ذلك أنظمة Pallet Racking ...","https://www.google.com/search?gl=sa&hl=ar&num=10&q=رفوف مستودعات جدة&uule=w+CAIQICITSmVkZGFoLFNhdWRpIEFyYWJpYQ&op=رفوف مستودعات جدة&sourceid=chrome&ie=UTF-8"
"2026-10-09 04:46:16","2026-10-09","Jeddah, Saudi Arabia","sa","ar","desktop","رفوف مستودعات جدة","organic","9","tamraf.com","https://www.tamraf.com/%D8%B1%D9%81%D9%88%D9%81-%D9%85%D8%B3%D8%AA%D9%88%D8%AF%D8%B9%D8%A7%D8%AA-%D8%AC%D8%AF%D8%A9-%D8%B5%D9%86%D8%A7%D8%B9%D8%A9-%D8%AA%D8%B1%D9%83%D9%8A%D8%A9/","رفوف مستودعات جدة صناعة تركية بجميع انواعها - مرفق بالصور","شاهد جميع أنواعرفوف مستودعات جدةصناعة تركية, مصنعة من أجود أنواع المعادن و بأحدث الموديلات التي تناسب جميع المنتجات للتخزين و العرض المثالي للبضائع.","https://www.google.com/search?gl=sa&hl=ar&num=10&q=رفوف مستودعات جدة&uule=w+CAIQICITSmVkZGFoLFNhdWRpIEFyYWJpYQ&op=رفوف مستودعات جدة&sourceid=chrome&ie=UTF-8"
"2026-10-09 04:46:16","2026-10-09","Jeddah, Saudi Arabia","sa","ar","desktop","رفوف مستودعات جدة","map_local","1","","","التخزين الذكي رفوف مستودعات","""توفير أنواع مختلفة وأسعار منافسة جداً لحلول التخزين  أنصح بالتعامل معهم""","https://www.google.com/search?gl=sa&hl=ar&num=10&q=رفوف مستودعات جدة&uule=w+CAIQICITSmVkZGFoLFNhdWRpIEFyYWJpYQ&op=رفوف مستودعات جدة&sourceid=chrome&ie=UTF-8"
"2026-10-09 04:46:16","2026-10-09","Jeddah, Saudi Arabia","sa","ar","desktop","رفوف مستودعات جدة","map_local","2","","","ارفف المخازن WAREHOUSE SHELVES رفوف مستودعات رفوف سوبر مركت رفوف صيدليات","""هل يوجد توصيل للجنوب ابها او خميس مشيط""","https://www.google.com/search?gl=sa&hl=ar&num=10&q=رفوف مستودعات جدة&uule=w+CAIQICITSmVkZGFoLFNhdWRpIEFyYWJpYQ&op=رفوف مستودعات جدة&sourceid=chrome&ie=UTF-8"
"2026-10-09 04:46:16","2026-10-09","Jeddah, Saudi Arabia","sa","ar","desktop","رفوف مستودعات جدة","map_local","3","","","رف كو - المكرونة","""معرض يلبي احتياجات تجهيز المعارض واسعارهم معقوله ومقبولة واخلاقهم محترمة""","https://www.google.com/search?gl=sa&hl=ar&num=10&q=رفوف مستودعات جدة&uule=w+CAIQICITSmVkZGFoLFNhdWRpIEFyYWJpYQ&op=رفوف مستودعات جدة&sourceid=chrome&ie=UTF-8"
"2026-10-09 04:46:16","2026-10-09","Jeddah, Saudi Arabia","sa","ar","desktop","رفوف تخزين جدة","organic","1","rfcosa.com","https://rfcosa.com/ar/%D8%B1%D9%81%D9%88%D9%81-%D8%AA%D8%AE%D8%B2%D9%8A%D9%86-%D9%88%D8%AA%D9%86%D8%B8%D9%8A%D9%85/c201713318","رفوف التخزين والتنظيم | RFCO","رفوف تخزين وتنظيم معدنية عالية التحمل للمستودعات والمحلات والمخازن. تصميم عملي ومقاسات متنوعة تناسب الاستخدام التجاري وتنظيم البضائع.","https://www.google.com/search?gl=sa&hl=ar&num=10&q=رفوف تخزين جدة&uule=w+CAIQICITSmVkZGFoLFNhdWRpIEFyYWJpYQ&op=رفوف تخزين جدة&sourceid=chrome&ie=UTF-8"
"2026-10-09 04:46:16","2026-10-09","Jeddah, Saudi Arabia","sa","ar","desktop","رفوف تخزين جدة","organic","2","jst.sa","https://jst.sa/categories/181878/%D8%A7%D8%B1%D9%81%D9%81-%D8%AA%D8%AE%D8%B2%D9%8A%D9%86-%D9%88%D8%AA%D9%86%D8%B8%D9%8A%D9%85?srsltid=AU7gw4VJr2ZYtWpVxb-TAh7rZO2HyeatsCnu57tggo3e02xuJIpR1WC3","ارفف تخزين وتنظيم","ارفف تخزين أسود 5 دور. 297.50; ارفف تخزين أبيض5 دور. 297.50 ; رف تخزين أبيض - 5 مستويات. 131.75 ; رف تخزين حديد - 5 مستويات. 123.25 ; رفوف تخزين 200*60*250سم.","https://www.google.com/search?gl=sa&hl=ar&num=10&q=رفوف تخزين جدة&uule=w+CAIQICITSmVkZGFoLFNhdWRpIEFyYWJpYQ&op=رفوف تخزين جدة&sourceid=chrome&ie=UTF-8"
"2026-10-09 04:46:16","2026-10-09","Jeddah, Saudi Arabia","sa","ar","desktop","رفوف تخزين جدة","organic","3","krfof.com","https://krfof.com/?srsltid=AU7gw4UhyJ4qMNgbqpNte7zF1zQ0GmhkMZ6YuaROMCUbb8nMV8rzqrue","شركة خبراء الرفوف المحدودة: رفوف تخزين احترافية بأفضل الأسعار","رفوف تخزين حديد وبلاستيك لكل احتياجاتكمن مستودعات ومطابخ وورش ومحلات تحمل حتى 500 كجم توصيل مجاني للرياض وجدة والدمام تسوق الآن من خبراء الرفوف.","https://www.google.com/search?gl=sa&hl=ar&num=10&q=رفوف تخزين جدة&uule=w+CAIQICITSmVkZGFoLFNhdWRpIEFyYWJpYQ&op=رفوف تخزين جدة&sourceid=chrome&ie=UTF-8"
"2026-10-09 04:46:16","2026-10-09","Jeddah, Saudi Arabia","sa","ar","desktop","رفوف تخزين جدة","organic","4","haraj.com.sa","https://haraj.com.sa/1123704522/%D8%B1%D9%81%D9%88%D9%81_%D9%81%D9%8A_%D8%AC%D8%AF%D8%A9_%D8%AC%D9%85%D9%8A%D8%B9_%D8%A7%D9%86%D9%88%D8%A7%D8%B9_%D8%A7%D9%84%D8%A7%D8%B1%D9%81%D9%81_%D8%A7%D9%84%D9%85%D8%B3%D8%AA%D9%88%D8%AF%D8%B9%D8%A7%D8%AA/","رفوف في جدة جميع انواع الارفف المستودعات","العرض محذوف او قديم.رفوففيجدةجميع انواع الارفف المستودعات.","https://www.google.com/search?gl=sa&hl=ar&num=10&q=رفوف تخزين جدة&uule=w+CAIQICITSmVkZGFoLFNhdWRpIEFyYWJpYQ&op=رفوف تخزين جدة&sourceid=chrome&ie=UTF-8"
"2026-10-09 04:46:16","2026-10-09","Jeddah, Saudi Arabia","sa","ar","desktop","رفوف تخزين جدة","organic","5","krfof.com","https://krfof.com/%D8%A7%D8%B1%D9%81%D9%81-%D8%AA%D8%AE%D8%B2%D9%8A%D9%86-%D9%85%D8%B3%D8%AA%D9%88%D8%AF%D8%B9-%D9%85%D8%AA%D9%88%D8%B3%D8%B7%D8%A9/p1427396348?srsltid=AU7gw4U3bvAKegFVhGeRO3bXuaOQtsgstUMQ-R5C4NtHOc6mr07EIlcU","رفوف تخزين مستودع متوسطة التحمل 200×200×60 سم","ارفف تخزين مستودع 300 كجم/رف| 200×200×60 سم ; ضمان ١٠ سنوات. ضد الكسر والانحناء — على كل رف نبيعه. استبدال مجاني كامل خلال فترة الضمان ; ٦٩٠. ٧٨٧٫٧٥ ; وفر ٩٧٫٧٥.","https://www.google.com/search?gl=sa&hl=ar&num=10&q=رفوف تخزين جدة&uule=w+CAIQICITSmVkZGFoLFNhdWRpIEFyYWJpYQ&op=رفوف تخزين جدة&sourceid=chrome&ie=UTF-8"
"2026-10-09 04:46:16","2026-10-09","Jeddah, Saudi Arabia","sa","ar","desktop","رفوف تخزين جدة","organic","6","araakstores.com","https://araakstores.com/categories/308006/rfof?srsltid=AU7gw4WMWCyMjtuhhX41KUqW8v3HpVXUGM3wagZdUdbgYWH8OJM1nOtj","رفوف التخزين","حلول تخزين عملية لتنظيم واستغلال المساحات في المنزل والمكتب والمستودع. اكتشف مجموعة متنوعة منرفوف التخزينوالأرفف متعددة الاستخدام، التي تساعدك على ترتيب ...","https://www.google.com/search?gl=sa&hl=ar&num=10&q=رفوف تخزين جدة&uule=w+CAIQICITSmVkZGFoLFNhdWRpIEFyYWJpYQ&op=رفوف تخزين جدة&sourceid=chrome&ie=UTF-8"
"2026-10-09 04:46:16","2026-10-09","Jeddah, Saudi Arabia","sa","ar","desktop","رفوف تخزين جدة","organic","7","instagram.com","https://www.instagram.com/rfcosa/?hl=ar","‎RFCO | رف كو‎ (@rfcosa) · Jeddah","4.6K+ followers · 194 posts ‎· ‎الحساب الرسمي لشركة حلول التخزين || RFCOمتخصصون في الرفوف- الديكور- تجهيز المحلات - اللوازم الفندقية‎‎","https://www.google.com/search?gl=sa&hl=ar&num=10&q=رفوف تخزين جدة&uule=w+CAIQICITSmVkZGFoLFNhdWRpIEFyYWJpYQ&op=رفوف تخزين جدة&sourceid=chrome&ie=UTF-8"
"2026-10-09 04:46:16","2026-10-09","Jeddah, Saudi Arabia","sa","ar","desktop","رفوف تخزين جدة","map_local","1","","","التخزين الذكي رفوف مستودعات","""مرتب وأسعارهم مناسبه وتعاملهم ممتاز وشكرا للجميع""","https://www.google.com/search?gl=sa&hl=ar&num=10&q=رفوف تخزين جدة&uule=w+CAIQICITSmVkZGFoLFNhdWRpIEFyYWJpYQ&op=رفوف تخزين جدة&sourceid=chrome&ie=UTF-8"
"2026-10-09 04:46:16","2026-10-09","Jeddah, Saudi Arabia","sa","ar","desktop","رفوف تخزين جدة","map_local","2","","","رف كو - المكرونة","""معرض يلبي احتياجات تجهيز المعارض واسعارهم معقوله ومقبولة واخلاقهم محترمة""","https://www.google.com/search?gl=sa&hl=ar&num=10&q=رفوف تخزين جدة&uule=w+CAIQICITSmVkZGFoLFNhdWRpIEFyYWJpYQ&op=رفوف تخزين جدة&sourceid=chrome&ie=UTF-8"
"2026-10-09 04:46:16","2026-10-09","Jeddah, Saudi Arabia","sa","ar","desktop","رفوف تخزين جدة","map_local","3","","","ارفف المخازن WAREHOUSE SHELVES رفوف مستودعات رفوف سوبر مركت رفوف صيدليات","""هل يوجد توصيل للجنوب ابها او خميس مشيط""","https://www.google.com/search?gl=sa&hl=ar&num=10&q=رفوف تخزين جدة&uule=w+CAIQICITSmVkZGFoLFNhdWRpIEFyYWJpYQ&op=رفوف تخزين جدة&sourceid=chrome&ie=UTF-8"
"2026-10-09 04:46:17","2026-10-09","Jeddah, Saudi Arabia","sa","ar","desktop","رفوف سوبر ماركت جدة","organic","1","rfcosa.com","https://rfcosa.com/ar/RAdDyBo","رفوف سوبرماركت جدارية بيج | RFCO","تصميم أنيق: تتميز بتصميم جداري عصري باللون البيج الفاتح الذي يضفي لمسة جمالية على ديكور متجرك ويجذب انتباه العملاء. جودة عالية: مصنوعة من مواد عالية الجودة تضمن ...","https://www.google.com/search?gl=sa&hl=ar&num=10&q=رفوف سوبر ماركت جدة&uule=w+CAIQICITSmVkZGFoLFNhdWRpIEFyYWJpYQ&op=رفوف سوبر ماركت جدة&sourceid=chrome&ie=UTF-8"
"2026-10-09 04:46:17","2026-10-09","Jeddah, Saudi Arabia","sa","ar","desktop","رفوف سوبر ماركت جدة","organic","2","haraj.com.sa","https://haraj.com.sa/search/%D8%B1%D9%81%D9%88%D9%81%20%D8%B3%D9%88%D8%A8%D8%B1%20%D9%85%D8%A7%D8%B1%D9%83%D8%AA/","افضل عروض (رفوف سوبر ماركت) جديد و مستعمل في السعودية","رفوف تخزين مستودعات رفوف بقاله رفوف سوبر ماركت رفوف للبيوت· خلال ٧ ساعات. ج ; عامل ابحث عن وظيفه معلم رفوف سوبر ماركت عمري 25 متواجد في تب · قبل ١٠ ساعات. H ; عامل ...","https://www.google.com/search?gl=sa&hl=ar&num=10&q=رفوف سوبر ماركت جدة&uule=w+CAIQICITSmVkZGFoLFNhdWRpIEFyYWJpYQ&op=رفوف سوبر ماركت جدة&sourceid=chrome&ie=UTF-8"
"2026-10-09 04:46:17","2026-10-09","Jeddah, Saudi Arabia","sa","ar","desktop","رفوف سوبر ماركت جدة","organic","3","sadr.com.sa","https://www.sadr.com.sa/ar/blog/%D8%B1%D9%81%D9%88%D9%81-%D9%85%D8%B3%D8%AA%D9%88%D8%AF%D8%B9%D8%A7%D8%AA-%D8%AC%D8%AF%D9%87","رفوف مستودعات في جدة | حلول تخزين من صدر","٢٧‏/٠٤‏/٢٠٢٦—رفوف الكانتليفر: مناسبة للمواد الطويلة مثل الأنابيب والأخشاب.رفوف السوبر ماركت: تُستخدم في العرض والتخزين، مثل رفوف مستودعات ارفف سوبر ماركت.","https://www.google.com/search?gl=sa&hl=ar&num=10&q=رفوف سوبر ماركت جدة&uule=w+CAIQICITSmVkZGFoLFNhdWRpIEFyYWJpYQ&op=رفوف سوبر ماركت جدة&sourceid=chrome&ie=UTF-8"
"2026-10-09 04:46:17","2026-10-09","Jeddah, Saudi Arabia","sa","ar","desktop","رفوف سوبر ماركت جدة","organic","4","ibdaa.sa","https://ibdaa.sa/supermarket-shelf,-center-rack,-white-display,-chinese-quality/p2037470953","رفوف سوبر ماركت وسط ١٠٠×٣٥×١٦٠ أبيض صيني - ابداع","402.50 ...رف عرض وسطي مخصص لمحلات السوبرماركت والمتاجر، مصنوع بجودة صينية عالية من خامة معدنية متينة مقاومة للصدأ والخدوش. يأتي بمقاس 100×35×160 سم ولون أبيض ...","https://www.google.com/search?gl=sa&hl=ar&num=10&q=رفوف سوبر ماركت جدة&uule=w+CAIQICITSmVkZGFoLFNhdWRpIEFyYWJpYQ&op=رفوف سوبر ماركت جدة&sourceid=chrome&ie=UTF-8"
"2026-10-09 04:46:17","2026-10-09","Jeddah, Saudi Arabia","sa","ar","desktop","رفوف سوبر ماركت جدة","organic","5","arfaf-ksa.com","https://arfaf-ksa.com/","Arfaf-KSA: Home","تركيب رفوف بقاله،تركيب رفوف سوبر ماركت، تركيب رفوف صيدليه: تقدم شركات متخصصة خدمات تركيب هذه الانواع من الرفوف مع مراعاة طبيعة المكان ونوع البضائع. تجهيز سوبر ...","https://www.google.com/search?gl=sa&hl=ar&num=10&q=رفوف سوبر ماركت جدة&uule=w+CAIQICITSmVkZGFoLFNhdWRpIEFyYWJpYQ&op=رفوف سوبر ماركت جدة&sourceid=chrome&ie=UTF-8"
"2026-10-09 04:46:17","2026-10-09","Jeddah, Saudi Arabia","sa","ar","desktop","رفوف سوبر ماركت جدة","organic","6","instagram.com","https://www.instagram.com/rfwfjdh/?hl=ar","رفوف مستودعات رفوف بقاله رفوف تخزين‎ (@rfwfjdh)","بيع وشرا جميع انواع الرفوفيوجدشحن لجميع مناطق المملكه وفك وتركيب اتصال او وتس اب 0568590892 #رفوف#تخزين##مستعمله_نظيفه # #بسعار_مناسبه_جدآ. Follow.","https://www.google.com/search?gl=sa&hl=ar&num=10&q=رفوف سوبر ماركت جدة&uule=w+CAIQICITSmVkZGFoLFNhdWRpIEFyYWJpYQ&op=رفوف سوبر ماركت جدة&sourceid=chrome&ie=UTF-8"
"2026-10-09 04:46:17","2026-10-09","Jeddah, Saudi Arabia","sa","ar","desktop","رفوف سوبر ماركت جدة","organic","7","lmst-areej.sa","https://lmst-areej.sa/ar/%D8%B1%D9%81%D9%88%D9%81-%D9%85%D8%B3%D8%AA%D9%88%D8%AF%D8%B9%D8%A7%D8%AA---%D8%A7%D8%B3%D8%B9%D8%A7%D8%B1-%D8%A7%D9%84%D8%AC%D9%85%D9%84%D8%A9/p1007710712?srsltid=AU7gw4WEGVxsbvvxgE2tZzX2mLyR99XjpGayLcWFe7_MI2_Fi52Oc43b","ارفف سوبر ماركت ابيض كبير","ابتداءً من 67.45 SAR/شهرعلى ما يصل إلى 12 دفعة شهرية. متوافق مع أحكام الشريعة. لمعرفة المزيد. السعر. 0. 690. 690. الكمية. أضف إلى السلة. اشترِ الآن.","https://www.google.com/search?gl=sa&hl=ar&num=10&q=رفوف سوبر ماركت جدة&uule=w+CAIQICITSmVkZGFoLFNhdWRpIEFyYWJpYQ&op=رفوف سوبر ماركت جدة&sourceid=chrome&ie=UTF-8"
"2026-10-09 04:46:17","2026-10-09","Jeddah, Saudi Arabia","sa","ar","desktop","رفوف سوبر ماركت جدة","organic","8","facebook.com","https://www.facebook.com/p/0597915232-%D8%B1%D9%81%D9%88%D9%81-%D9%85%D8%B3%D8%AA%D9%88%D8%AF%D8%B9%D8%A7%D8%AA-%D8%B1%D9%81%D9%88%D9%81-%D9%85%D8%AD%D9%84%D8%A7%D8%AA-%D8%B1%D9%81%D9%88%D9%81-%D8%AA%D8%AE%D8%B2%D9%8A%D9%86-%D8%B1%D9%81%D9%88%D9%81-%D8%B3%D9%88%D8%A8%D8%B1-%D9%85%D8%A7%D8%B1%D9%83%D8%AA-61555895553454/","0597915232 رفوف مستودعات رفوف محلات رفوف تخزين ...","رفوف مترين في مترين عمق ٦٠ متوفر جميع المقاسات0597915232 رفوف مستودعات رفوف محلات رفوف تخزين رفوف سوبر ماركت https://arfaf-ksa. com/%D8%B1%D9%81%D9%88%D9%81- % ...","https://www.google.com/search?gl=sa&hl=ar&num=10&q=رفوف سوبر ماركت جدة&uule=w+CAIQICITSmVkZGFoLFNhdWRpIEFyYWJpYQ&op=رفوف سوبر ماركت جدة&sourceid=chrome&ie=UTF-8"
"2026-10-09 04:46:17","2026-10-09","Jeddah, Saudi Arabia","sa","ar","desktop","رفوف سوبر ماركت جدة","organic","9","tiktok.com","https://www.tiktok.com/@ssk2277/video/7428625205569785106?lang=ar","رفوف تخزين حديد في جدة – محل حراج الصواريخ C19","كما يتوفر فيالسوقخيارات مختلفة منالرفوفالتي تناسب احتياجات التخزين المختلفة. لمن يبحث عنرفوفتخزين فيجدةأو يريد معرفة مكان شراء أرفف حديد ...","https://www.google.com/search?gl=sa&hl=ar&num=10&q=رفوف سوبر ماركت جدة&uule=w+CAIQICITSmVkZGFoLFNhdWRpIEFyYWJpYQ&op=رفوف سوبر ماركت جدة&sourceid=chrome&ie=UTF-8"
"2026-10-09 04:46:17","2026-10-09","Jeddah, Saudi Arabia","sa","ar","desktop","رفوف سوبر ماركت جدة","map_local","1","","","تموينات حكاية رفوف للمواد الغذائية - HAQAYA RAFOF SUPER MARKET","""تموينات بموقع ممتاز ومواقف سيارات وفيره والاسعار لايوجد بها مبالغه""","https://www.google.com/search?gl=sa&hl=ar&num=10&q=رفوف سوبر ماركت جدة&uule=w+CAIQICITSmVkZGFoLFNhdWRpIEFyYWJpYQ&op=رفوف سوبر ماركت جدة&sourceid=chrome&ie=UTF-8"
"2026-10-09 04:46:17","2026-10-09","Jeddah, Saudi Arabia","sa","ar","desktop","رفوف سوبر ماركت جدة","map_local","2","","","ارفف المخازن WAREHOUSE SHELVES رفوف مستودعات رفوف سوبر مركت رفوف صيدليات","""هل يوجد توصيل للجنوب ابها او خميس مشيط""","https://www.google.com/search?gl=sa&hl=ar&num=10&q=رفوف سوبر ماركت جدة&uule=w+CAIQICITSmVkZGFoLFNhdWRpIEFyYWJpYQ&op=رفوف سوبر ماركت جدة&sourceid=chrome&ie=UTF-8"
"2026-10-09 04:46:17","2026-10-09","Jeddah, Saudi Arabia","sa","ar","desktop","رفوف سوبر ماركت جدة","map_local","3","","","سراب الرياض","""معرض جميل جدا وأسعار مناسبه ايضا الاستقبال بالمعرض جميل جدا""","https://www.google.com/search?gl=sa&hl=ar&num=10&q=رفوف سوبر ماركت جدة&uule=w+CAIQICITSmVkZGFoLFNhdWRpIEFyYWJpYQ&op=رفوف سوبر ماركت جدة&sourceid=chrome&ie=UTF-8"
"2026-10-09 04:46:16","2026-10-09","Jeddah, Saudi Arabia","sa","ar","desktop","رفوف بقالات جدة","organic","1","haraj.com.sa","https://haraj.com.sa/search/%D8%A8%D9%82%D8%A7%D9%84%D9%87%20%D8%B1%D9%81%D9%88%D9%81/","افضل عروض (بقاله رفوف) جديد و مستعمل في السعودية","رفوف بقاله سوبر ماركت جديد رفوف مستودعات جديد سعر جمله. رفوف بقاله وسوبر ماركت · جده. قبل شهرين. أ. أبو خليل الشرعبي · رفوف بقاله وسوبر ماركت · رفوف تخزين ...","https://www.google.com/search?gl=sa&hl=ar&num=10&q=رفوف بقالات جدة&uule=w+CAIQICITSmVkZGFoLFNhdWRpIEFyYWJpYQ&op=رفوف بقالات جدة&sourceid=chrome&ie=UTF-8"
"2026-10-09 04:46:16","2026-10-09","Jeddah, Saudi Arabia","sa","ar","desktop","رفوف بقالات جدة","organic","2","lmst-areej.sa","https://lmst-areej.sa/ar/%D8%B1%D9%81%D9%88%D9%81-%D9%85%D8%B3%D8%AA%D9%88%D8%AF%D8%B9%D8%A7%D8%AA---%D8%A7%D8%B3%D8%B9%D8%A7%D8%B1-%D8%A7%D9%84%D8%AC%D9%85%D9%84%D8%A9/p661170324?srsltid=AU7gw4WeibPlo2qTXl8_70h7Cc3UnOiCMTvCEaa2nJHSWKFW9S3o0F0C","رفوف بقاله حديد كامل برتقالي","632.50 ... مواصفات المنتج: اللون : برتقالي; عدد الارفف : 5 ارفف; يمكنك التحكم بالمسافه بين الارفف; بلد المصنع: الصين. الاسخدمات : ارفف عرض للالمستودعات ورفوف ...","https://www.google.com/search?gl=sa&hl=ar&num=10&q=رفوف بقالات جدة&uule=w+CAIQICITSmVkZGFoLFNhdWRpIEFyYWJpYQ&op=رفوف بقالات جدة&sourceid=chrome&ie=UTF-8"
"2026-10-09 04:46:16","2026-10-09","Jeddah, Saudi Arabia","sa","ar","desktop","رفوف بقالات جدة","organic","3","instagram.com","https://www.instagram.com/rfwfjdh/?hl=ar","رفوف مستودعات رفوف بقاله رفوف تخزين‎ (@rfwfjdh)","بيع وشرا جميع انواع الرفوفيوجدشحن لجميع مناطق المملكه وفك وتركيب اتصال او وتس اب 0568590892 #رفوف#تخزين##مستعمله_نظيفه # #بسعار_مناسبه_جدآ. Follow.","https://www.google.com/search?gl=sa&hl=ar&num=10&q=رفوف بقالات جدة&uule=w+CAIQICITSmVkZGFoLFNhdWRpIEFyYWJpYQ&op=رفوف بقالات جدة&sourceid=chrome&ie=UTF-8"
"2026-10-09 04:46:16","2026-10-09","Jeddah, Saudi Arabia","sa","ar","desktop","رفوف بقالات جدة","organic","4","haraj.cc","https://haraj.cc/114470","رفوف بقاله رفوف مستودعات رفوف سوبر ماركت رفوف مستعمل ...","يوجد لدينا جميع انواع الرفوف السوبرماركترفوف بقالهرفوف مستودعات رفوف تخزين طاولات كاشير رفوف تخزين منازل حموله خفيف و ثقيل رفوف صيدليه وباسعار مناسبه ...","https://www.google.com/search?gl=sa&hl=ar&num=10&q=رفوف بقالات جدة&uule=w+CAIQICITSmVkZGFoLFNhdWRpIEFyYWJpYQ&op=رفوف بقالات جدة&sourceid=chrome&ie=UTF-8"
"2026-10-09 04:46:16","2026-10-09","Jeddah, Saudi Arabia","sa","ar","desktop","رفوف بقالات جدة","organic","5","sadr.com.sa","https://www.sadr.com.sa/ar/blog/%D8%B1%D9%81%D9%88%D9%81-%D9%85%D8%B3%D8%AA%D9%88%D8%AF%D8%B9%D8%A7%D8%AA-%D8%AC%D8%AF%D9%87","رفوف مستودعات في جدة | حلول تخزين من صدر","٢٧‏/٠٤‏/٢٠٢٦—رفوف البالتات: مثالية لتخزين البضائع الثقيلة على منصات. · رفوف الكانتليفر: مناسبة للمواد الطويلة مثل الأنابيب والأخشاب. · رفوف السوبر ماركت: ...","https://www.google.com/search?gl=sa&hl=ar&num=10&q=رفوف بقالات جدة&uule=w+CAIQICITSmVkZGFoLFNhdWRpIEFyYWJpYQ&op=رفوف بقالات جدة&sourceid=chrome&ie=UTF-8"
"2026-10-09 04:46:16","2026-10-09","Jeddah, Saudi Arabia","sa","ar","desktop","رفوف بقالات جدة","organic","6","arfaf-ksa.com","https://arfaf-ksa.com/","Arfaf-KSA: Home","يمكن التواصل مع الرقم 0597915232 للحصول على خدمات بيع وشراء وتركيب الرفوف. يوجد العديد من شركات الرفوف ومحلات بيع الرفوف التي تقدم مجموعة واسعة من المنتجات ...","https://www.google.com/search?gl=sa&hl=ar&num=10&q=رفوف بقالات جدة&uule=w+CAIQICITSmVkZGFoLFNhdWRpIEFyYWJpYQ&op=رفوف بقالات جدة&sourceid=chrome&ie=UTF-8"
"2026-10-09 04:46:16","2026-10-09","Jeddah, Saudi Arabia","sa","ar","desktop","رفوف بقالات جدة","organic","7","haraj.com.sa","https://haraj.com.sa/search/%D8%B1%D9%81%D9%88%D9%81%20%D8%A8%D9%82%D8%A7%D9%84%D8%A9/","افضل عروض (رفوف بقالة) جديد و مستعمل في السعودية","نتائج البحث عن ""رفوف بقالة"" · رفوف بقالهرغوف تخزين · رفوف بقاله 13 متر وسطاني 16 متر جدار · رفوف بقاله رفوف مستودع · ثلاجه عرض شغاله يبغى لها تعبيه فريون. رفوف ...","https://www.google.com/search?gl=sa&hl=ar&num=10&q=رفوف بقالات جدة&uule=w+CAIQICITSmVkZGFoLFNhdWRpIEFyYWJpYQ&op=رفوف بقالات جدة&sourceid=chrome&ie=UTF-8"
"2026-10-09 04:46:16","2026-10-09","Jeddah, Saudi Arabia","sa","ar","desktop","رفوف بقالات جدة","organic","8","facebook.com","https://www.facebook.com/p/0597915232-%D8%B1%D9%81%D9%88%D9%81-%D9%85%D8%B3%D8%AA%D9%88%D8%AF%D8%B9%D8%A7%D8%AA-%D8%B1%D9%81%D9%88%D9%81-%D9%85%D8%AD%D9%84%D8%A7%D8%AA-%D8%B1%D9%81%D9%88%D9%81-%D8%AA%D8%AE%D8%B2%D9%8A%D9%86-%D8%B1%D9%81%D9%88%D9%81-%D8%B3%D9%88%D8%A8%D8%B1-%D9%85%D8%A7%D8%B1%D9%83%D8%AA-61555895553454/","0597915232 رفوف مستودعات رفوف محلات رفوف تخزين ...","تركيب رفوف مستودعات: خدمات تركيب رفوف المستودعات بأنواعها المختلفة، بما في ذلك رفوف المستودعات الثقيلة والمتوسطة والخفيفة. تركيب رفوف بقاله، تركيب رفوف سوبر ...","https://www.google.com/search?gl=sa&hl=ar&num=10&q=رفوف بقالات جدة&uule=w+CAIQICITSmVkZGFoLFNhdWRpIEFyYWJpYQ&op=رفوف بقالات جدة&sourceid=chrome&ie=UTF-8"
"2026-10-09 04:46:16","2026-10-09","Jeddah, Saudi Arabia","sa","ar","desktop","رفوف بقالات جدة","map_local","1","","","تموينات حكاية رفوف للمواد الغذائية - HAQAYA RAFOF SUPER MARKET","""تمويناتبموقع ممتاز ومواقف سيارات وفيره والاسعار لايوجد بها مبالغه""","https://www.google.com/search?gl=sa&hl=ar&num=10&q=رفوف بقالات جدة&uule=w+CAIQICITSmVkZGFoLFNhdWRpIEFyYWJpYQ&op=رفوف بقالات جدة&sourceid=chrome&ie=UTF-8"
"2026-10-09 04:46:16","2026-10-09","Jeddah, Saudi Arabia","sa","ar","desktop","رفوف بقالات جدة","map_local","2","","","ارفف المخازن WAREHOUSE SHELVES رفوف مستودعات رفوف سوبر مركت رفوف صيدليات","""هل يوجد توصيل للجنوب ابها او خميس مشيط""","https://www.google.com/search?gl=sa&hl=ar&num=10&q=رفوف بقالات جدة&uule=w+CAIQICITSmVkZGFoLFNhdWRpIEFyYWJpYQ&op=رفوف بقالات جدة&sourceid=chrome&ie=UTF-8"
"2026-10-09 04:46:16","2026-10-09","Jeddah, Saudi Arabia","sa","ar","desktop","رفوف بقالات جدة","map_local","3","","","التخزين الذكي رفوف مستودعات","""مرتب وأسعارهم مناسبه وتعاملهم ممتاز وشكرا للجميع""","https://www.google.com/search?gl=sa&hl=ar&num=10&q=رفوف بقالات جدة&uule=w+CAIQICITSmVkZGFoLFNhdWRpIEFyYWJpYQ&op=رفوف بقالات جدة&sourceid=chrome&ie=UTF-8"
"2026-10-09 04:47:18","2026-10-09","Jeddah, Saudi Arabia","sa","ar","desktop","رفوف صيدليات جدة","organic","1","haraj.com.sa","https://haraj.com.sa/117188386/%D8%B1%D9%81%D9%88%D9%81_%D8%B5%D9%8A%D8%AF%D9%84%D9%8A%D8%A9_%D9%84%D9%84%D8%A8%D9%8A%D8%B9_/","رفوف صيدلية للبيع","رفوفسوبر ماركترفوف صيدليات رفوفتخزين. 10. المدينة. خلال ١٣ ساعة. ا. السعر ...رفوفارفف بقاله سوبر ماركتصيدليه رفوفتخزين مستودعات ·جده. خلال ٤٧ دقيقة. م.","https://www.google.com/search?gl=sa&hl=ar&num=10&q=رفوف صيدليات جدة&uule=w+CAIQICITSmVkZGFoLFNhdWRpIEFyYWJpYQ&op=رفوف صيدليات جدة&sourceid=chrome&ie=UTF-8"
"2026-10-09 04:47:18","2026-10-09","Jeddah, Saudi Arabia","sa","ar","desktop","رفوف صيدليات جدة","organic","2","instagram.com","https://www.instagram.com/yasirhassan14ksa/","رفوف مستودعات رفوف تخزين‎ (@yasirhassan14ksa)","#رفوف#بقاله #رفوف#مستودعات#تخزين#رفوف#صيدليه#للتواصل#0544997322 · #رفوفبقاله #مستودعات #استندات ارففصيدليهhtts://maps.me/+966507289744 · #رفوف#مستودعات #رفوف...","https://www.google.com/search?gl=sa&hl=ar&num=10&q=رفوف صيدليات جدة&uule=w+CAIQICITSmVkZGFoLFNhdWRpIEFyYWJpYQ&op=رفوف صيدليات جدة&sourceid=chrome&ie=UTF-8"
"2026-10-09 04:47:18","2026-10-09","Jeddah, Saudi Arabia","sa","ar","desktop","رفوف صيدليات جدة","organic","3","alyarmuk.net","https://alyarmuk.net/categories/239380/%D8%A3%D8%AF%D8%B1%D8%A7%D8%AC-%D9%88%D8%A3%D8%B1%D9%81%D9%81-%D8%B5%D9%8A%D8%AF%D9%84%D9%8A%D8%A9?srsltid=AU7gw4VU5LndznCgLki1btiwX869aKc_rITivTl9bxHTKpEEcBwupTpZ","أدراج وأرفف صيدلية","وحدة أرفف صيدلية جدارية 76.3سم مع 6 أرفف وخزانة سفلية· وحدة أرفف صيدلية جدارية 76.3سم مع 7 أرفف ودرج تخزين · وحدة أرفف جدارية 76سم (7 أرفف قابلة للسحب) مع درج ...","https://www.google.com/search?gl=sa&hl=ar&num=10&q=رفوف صيدليات جدة&uule=w+CAIQICITSmVkZGFoLFNhdWRpIEFyYWJpYQ&op=رفوف صيدليات جدة&sourceid=chrome&ie=UTF-8"
"2026-10-09 04:47:18","2026-10-09","Jeddah, Saudi Arabia","sa","ar","desktop","رفوف صيدليات جدة","organic","4","tamraf.com","https://www.tamraf.com/store-shelving/%D8%B1%D9%81%D9%88%D9%81-%D8%A7%D9%84%D8%B5%D9%8A%D8%AF%D9%84%D9%8A%D8%A7%D8%AA/","رفوف الصيدليات – أرفف صيدليات - TAMRAF","رفوف الصيدليات – أرفف صيدليات. Home · رفوف المتاجر; رفوف الصيدليات – أرفف صيدليات ... جدة. موبايل (1) : 00966569349282 موبايل (2) : 00966536335554. موبايل (3) ...","https://www.google.com/search?gl=sa&hl=ar&num=10&q=رفوف صيدليات جدة&uule=w+CAIQICITSmVkZGFoLFNhdWRpIEFyYWJpYQ&op=رفوف صيدليات جدة&sourceid=chrome&ie=UTF-8"
"2026-10-09 04:47:18","2026-10-09","Jeddah, Saudi Arabia","sa","ar","desktop","رفوف صيدليات جدة","organic","5","fanualrufuf.com","https://fanualrufuf.com/%D8%A8%D9%8A%D9%88%D8%AA-%D8%B4%D8%B9%D8%B1-%D8%AC%D8%AF%D8%A9/","رفوف صيدليات - روّاد تجهيز المحلات والصيدليات و المستودعات","موقعنا: المملكة العربية السعودية - جدة. خدماتنا:رفوف صيدليات· رفوف جدارية · رفوف مستودعات · رفوف سوبرات · فن الرفوف والديكور · فن الرفوف والديكور · رفوف ...","https://www.google.com/search?gl=sa&hl=ar&num=10&q=رفوف صيدليات جدة&uule=w+CAIQICITSmVkZGFoLFNhdWRpIEFyYWJpYQ&op=رفوف صيدليات جدة&sourceid=chrome&ie=UTF-8"
"2026-10-09 04:47:18","2026-10-09","Jeddah, Saudi Arabia","sa","ar","desktop","رفوف صيدليات جدة","organic","6","metalegypt.org","https://metalegypt.org/ar/pharmacy-drawer-system/","ارفف صيدليات - MetalEgypt For Metal Structure Office Furniture","التصميم الذكي: تتميزرفوفصيدلية من ميتال إيجيبت بتصميم يتيح سهولة الوصول إلى الأدوية والمستلزمات الطبية، مما يسهل عملية التنظيم والتخزين. الجودة العالية: تصنع ...","https://www.google.com/search?gl=sa&hl=ar&num=10&q=رفوف صيدليات جدة&uule=w+CAIQICITSmVkZGFoLFNhdWRpIEFyYWJpYQ&op=رفوف صيدليات جدة&sourceid=chrome&ie=UTF-8"
"2026-10-09 04:47:18","2026-10-09","Jeddah, Saudi Arabia","sa","ar","desktop","رفوف صيدليات جدة","organic","7","pinterest.com","https://www.pinterest.com/1m5b3msbebo5s1m6caabclnure1zew/pharmacy/","أفكار100 {اسم المجلس } | رفوف, صيدلية, تصميم داخلي","٣١‏/٠١‏/٢٠٢٤ - استكشف لوحة عبدالله الحديثي ""Pharmacy"" على Pinterest.اطّلع على مزيد من الأفكار حولرفوف, صيدلية, تصميم داخلي.","https://www.google.com/search?gl=sa&hl=ar&num=10&q=رفوف صيدليات جدة&uule=w+CAIQICITSmVkZGFoLFNhdWRpIEFyYWJpYQ&op=رفوف صيدليات جدة&sourceid=chrome&ie=UTF-8"
"2026-10-09 04:47:18","2026-10-09","Jeddah, Saudi Arabia","sa","ar","desktop","رفوف صيدليات جدة","organic","8","dinagrp.com","https://dinagrp.com/ar/%D9%86%D8%B8%D8%A7%D9%85-%D8%B1%D9%81%D9%88%D9%81-%D8%A7%D9%84%D8%B5%D9%8A%D8%AF%D9%84%D9%8A%D8%A9/?srsltid=AU7gw4W7nj5Panx2Ccz5PiQlyEuj9qGv-AfBKwDjLiJUvn7cSOjQYnZl","نظام رفوف الصيدلية - تصميم وتجهيز الصيدليات","٠٣‏/٠٩‏/٢٠٢٤—رفوف الصيدت، تصميم مخصص للمساحة، المنتجات، وسلوك العملاء. تتوفر رفوف الصيدليات لدينا بتصاميم متنوعة لتناسب احتياجات كل صيدلية. يمكننا تصميم رفوف ...","https://www.google.com/search?gl=sa&hl=ar&num=10&q=رفوف صيدليات جدة&uule=w+CAIQICITSmVkZGFoLFNhdWRpIEFyYWJpYQ&op=رفوف صيدليات جدة&sourceid=chrome&ie=UTF-8"
"2026-10-09 04:47:18","2026-10-09","Jeddah, Saudi Arabia","sa","ar","desktop","رفوف صيدليات جدة","organic","9","bodurmetal.com","https://bodurmetal.com/ar/%D9%85%D9%86%D8%AA%D8%AC/bd-60-10-01-%D8%B1%D9%81-%D8%AA%D8%AE%D8%B2%D9%8A%D9%86-%D8%A7%D9%84%D8%B5%D9%8A%D8%AF%D9%84%D9%8A%D8%A9-%D8%A8%D8%A3%D8%AF%D8%B1%D8%A7%D8%AC","BD.60.10.01 رف تخزين الصيدلية مع أدراج","الأبعاد: الارتفاع 2030 × العرض 460 × العمق 1000 ملم · الوزن الإجمالي: 149 كجم · 11 درجًا مقاس كل منها 125 ملم · عدد 2 درج مقاس 250 مم لكل منهما · مصنوعة من DKP ( ...","https://www.google.com/search?gl=sa&hl=ar&num=10&q=رفوف صيدليات جدة&uule=w+CAIQICITSmVkZGFoLFNhdWRpIEFyYWJpYQ&op=رفوف صيدليات جدة&sourceid=chrome&ie=UTF-8"
"2026-10-09 04:47:18","2026-10-09","Jeddah, Saudi Arabia","sa","ar","desktop","تجهيز محلات جدة","organic","1","lmst-areej.sa","https://lmst-areej.sa/ar/%D8%AF%D9%8A%D9%83%D9%88%D8%B1-%D8%AA%D8%AC%D9%87%D9%8A%D8%B2-%D9%85%D8%AD%D9%84%D8%A7%D8%AA-%D8%AA%D8%AC%D8%A7%D8%B1%D9%8A%D8%A9/c1563307317?srsltid=AU7gw4WbHZAIzmEZntOryhAysqhMUjhFrQP_I1ThHXJwcb7APAN2KrE2","ديكور تجهيز محلات تجارية","شركة متخصصة في ديكور وتجهيز المحلات والمعارض التجاريةبسعر الجمله خبرة في السوق أكثر من 15 سنة بيع كافة تجهيزات المعارض من استاندات العرض وجميع انواع علاقات ...","https://www.google.com/search?gl=sa&hl=ar&num=10&q=تجهيز محلات جدة&uule=w+CAIQICITSmVkZGFoLFNhdWRpIEFyYWJpYQ&op=تجهيز محلات جدة&sourceid=chrome&ie=UTF-8"
"2026-10-09 04:47:18","2026-10-09","Jeddah, Saudi Arabia","sa","ar","desktop","تجهيز محلات جدة","organic","2","haraj.com.sa","https://haraj.com.sa/11137036650/%D8%AA%D8%AC%D9%87%D9%8A%D8%B2_%D8%A7%D9%84%D9%85%D8%AD%D9%84%D8%A7%D8%AA_%D8%A7%D9%84%D8%AA%D8%AC%D8%A7%D8%B1%D9%8A%D9%87/","تجهيز المحلات التجاريه","شركه لمسه أريج لديكور نموذج عن شغل لمسه أريج لديكورلتجهيز المحلاتالتجاريه متخصصون في أعمال الخشبيات وطاولات العرض ودواليب التخزين والأرفف الجداريه.","https://www.google.com/search?gl=sa&hl=ar&num=10&q=تجهيز محلات جدة&uule=w+CAIQICITSmVkZGFoLFNhdWRpIEFyYWJpYQ&op=تجهيز محلات جدة&sourceid=chrome&ie=UTF-8"
"2026-10-09 04:47:18","2026-10-09","Jeddah, Saudi Arabia","sa","ar","desktop","تجهيز محلات جدة","organic","3","jst.sa","https://jst.sa/categories/124202/%D8%AD%D9%84%D9%88%D9%84-%D8%AA%D8%AC%D9%87%D9%8A%D8%B2%D8%A7%D8%AA-%D8%A7%D9%84%D9%85%D8%B9%D8%A7%D8%B1%D8%B6-%D9%88-%D8%B4%D8%B1%D9%83%D8%A7%D8%AA?srsltid=AU7gw4VVjuDZ82MLo_Lgo_HEmxHiJ_hLlLQb_PGG4PW5D7q2J0SB3d_O","تجهيزات المعارض من انظمة جدة","اطلبتجهيزاتالمعارض من متجر انظمةجدة. نشحن لكل مدن المملكة. كميات كبيرة متوفرة. الارفف ومجسمات العرض. الكراسي وعربيات التسوق. اللوحات المضيئة والفترينات.","https://www.google.com/search?gl=sa&hl=ar&num=10&q=تجهيز محلات جدة&uule=w+CAIQICITSmVkZGFoLFNhdWRpIEFyYWJpYQ&op=تجهيز محلات جدة&sourceid=chrome&ie=UTF-8"
"2026-10-09 04:47:18","2026-10-09","Jeddah, Saudi Arabia","sa","ar","desktop","تجهيز محلات جدة","organic","4","ksa-decor.com","https://ksa-decor.com/?srsltid=AU7gw4XkwyM0aBsYQkDhIV_Rv8z1BJdcAmNSMgwdUEKvNQYHOGosmYco","الشامل للديكور للتجهيز المحلات التجارية توفير أنظمة حصرية ...","استخدم كـــود ( R96 ) خصم لمشتريات أكثر من 299 ·استاندات العبايات والملابس· عربات خدمة و ضيافة · علاقات الملابس متنوعة · المرايات · منظمات المكياج ومستلزمات ...","https://www.google.com/search?gl=sa&hl=ar&num=10&q=تجهيز محلات جدة&uule=w+CAIQICITSmVkZGFoLFNhdWRpIEFyYWJpYQ&op=تجهيز محلات جدة&sourceid=chrome&ie=UTF-8"
"2026-10-09 04:47:18","2026-10-09","Jeddah, Saudi Arabia","sa","ar","desktop","تجهيز محلات جدة","organic","5","rfcosa.com","https://rfcosa.com/ar/category/OXEglm","تجهيزات المحلات التجارية | RFCO","مجموعة متكاملة منتجهيزات المحلاتالتجارية تشمل استندات العرض، الرفوف، الميازين، وسلال عرض المنتجات، لتناسب مختلف أنواع المتاجر.","https://www.google.com/search?gl=sa&hl=ar&num=10&q=تجهيز محلات جدة&uule=w+CAIQICITSmVkZGFoLFNhdWRpIEFyYWJpYQ&op=تجهيز محلات جدة&sourceid=chrome&ie=UTF-8"
"2026-10-09 04:47:18","2026-10-09","Jeddah, Saudi Arabia","sa","ar","desktop","تجهيز محلات جدة","organic","6","instagram.com","https://www.instagram.com/standformegy/?hl=ar","Stand Form تجهيزات المحلات التجارية‎ (@standformegy)","شغل اتنفذ واتسلّم بالشكل الصح.مشروع جديد من Stand Form لاستندات محل ملابس معمولعلشان يستغل المساحة ويظهر المنتجات صح.","https://www.google.com/search?gl=sa&hl=ar&num=10&q=تجهيز محلات جدة&uule=w+CAIQICITSmVkZGFoLFNhdWRpIEFyYWJpYQ&op=تجهيز محلات جدة&sourceid=chrome&ie=UTF-8"
"2026-10-09 04:47:18","2026-10-09","Jeddah, Saudi Arabia","sa","ar","desktop","تجهيز محلات جدة","organic","7","facebook.com","https://www.facebook.com/groups/1449300721846126/","تجهيز و تركيب ديكور المحلات التجارية","✨ من المصنع للعميل مباشرةً متوفر هوك عادي و هوك عريض للتواصل واتساب او فون : 01028771095 #تجهيز_المحلات_التجاري #شماعات #ملابس · استاند نضارات ...","https://www.google.com/search?gl=sa&hl=ar&num=10&q=تجهيز محلات جدة&uule=w+CAIQICITSmVkZGFoLFNhdWRpIEFyYWJpYQ&op=تجهيز محلات جدة&sourceid=chrome&ie=UTF-8"
"2026-10-09 04:47:18","2026-10-09","Jeddah, Saudi Arabia","sa","ar","desktop","تجهيز محلات جدة","organic","8","sahelha.app","https://sahelha.app/services/saudi/jeddah/shop-fitout/","شركة تجهيز محلات بجدة | تشطيب وتجهيز المحلات التجارية","فيجدةلا يوجد رقم واحد يصلح لكل حالاتتجهيز محلات؛ المساحة والحالة الحالية والكمية ومستوىالتجهيزعوامل تغير التكلفة. إذا كانت الخدمة تعتمد على خامة أو قطعة، ...","https://www.google.com/search?gl=sa&hl=ar&num=10&q=تجهيز محلات جدة&uule=w+CAIQICITSmVkZGFoLFNhdWRpIEFyYWJpYQ&op=تجهيز محلات جدة&sourceid=chrome&ie=UTF-8"
"2026-10-09 04:47:18","2026-10-09","Jeddah, Saudi Arabia","sa","ar","desktop","تجهيز محلات جدة","organic","9","tiktok.com","https://www.tiktok.com/@el_assil19/video/7579700545858981140?lang=ar","تجهيز المحلات التجارية: كل ما تحتاجه لمشروعك","استعد لمشروعك التجاري مع باك يضم كل ما تحتاجه. اكتشف الديكورات والأدوات الفعالة هنا! @الأصيللتجهيز المحلاتالتجارية.","https://www.google.com/search?gl=sa&hl=ar&num=10&q=تجهيز محلات جدة&uule=w+CAIQICITSmVkZGFoLFNhdWRpIEFyYWJpYQ&op=تجهيز محلات جدة&sourceid=chrome&ie=UTF-8"
"2026-10-09 04:47:18","2026-10-09","Jeddah, Saudi Arabia","sa","ar","desktop","تجهيز محلات جدة","map_local","1","","","أحلام البلد للتجميل – تجهيز صوالين والمشاغل ومنتجات عناية","""دخلت المحل وكان مره مرتب وجميل بصراحه الكاشير تعاملها جدا حلو ومتعاونه وصبوره""","https://www.google.com/search?gl=sa&hl=ar&num=10&q=تجهيز محلات جدة&uule=w+CAIQICITSmVkZGFoLFNhdWRpIEFyYWJpYQ&op=تجهيز محلات جدة&sourceid=chrome&ie=UTF-8"
"2026-10-09 04:47:18","2026-10-09","Jeddah, Saudi Arabia","sa","ar","desktop","تجهيز محلات جدة","map_local","2","","","شركة التكامل الذهبية لتجهيزات المطاعم والمطابخ والفنادق والكافيهات ( الخنبشي سابقاً ) - جدة","""لحد يطلب من متجرهم الالكتروني حتقعد شايل هم الموقف لا يكلبشو السيارة وبيلطعوك""","https://www.google.com/search?gl=sa&hl=ar&num=10&q=تجهيز محلات جدة&uule=w+CAIQICITSmVkZGFoLFNhdWRpIEFyYWJpYQ&op=تجهيز محلات جدة&sourceid=chrome&ie=UTF-8"
"2026-10-09 04:47:18","2026-10-09","Jeddah, Saudi Arabia","sa","ar","desktop","تجهيز محلات جدة","map_local","3","","","أفكار للديكور","","https://www.google.com/search?gl=sa&hl=ar&num=10&q=تجهيز محلات جدة&uule=w+CAIQICITSmVkZGFoLFNhdWRpIEFyYWJpYQ&op=تجهيز محلات جدة&sourceid=chrome&ie=UTF-8"
"2026-10-09 04:47:18","2026-10-09","Jeddah, Saudi Arabia","sa","en","desktop","warehouse racking Jeddah","organic","1","alesayistorage.com","https://alesayistorage.com/","Alesayi Storage Systems: Racking, Shelving & Storage ...","We have a wide array ofracking, shelving and storage solutionsfor all your warehousing needs. ... Jeddah: +966 55 106 0930 · Jeddah: +966 50 388 4215 · Riyadh: ...Read more","https://www.google.com/search?gl=sa&hl=en&num=10&q=warehouse racking Jeddah&uule=w+CAIQICITSmVkZGFoLFNhdWRpIEFyYWJpYQ&op=warehouse racking Jeddah&sourceid=chrome&ie=UTF-8"
"2026-10-09 04:47:18","2026-10-09","Jeddah, Saudi Arabia","sa","en","desktop","warehouse racking Jeddah","organic","2","muqawiloon.com","https://muqawiloon.com/en/businesses/power-rack","Power rack In Jeddah","Warehousing Equipment Automated Storage• Pallet Racking • Shelves & Racks. Working hours. Weekdays (Saturday - Thursday). Weekend (Saturday - Thursday) 8:30AM ...Read more","https://www.google.com/search?gl=sa&hl=en&num=10&q=warehouse racking Jeddah&uule=w+CAIQICITSmVkZGFoLFNhdWRpIEFyYWJpYQ&op=warehouse racking Jeddah&sourceid=chrome&ie=UTF-8"
"2026-10-09 04:47:18","2026-10-09","Jeddah, Saudi Arabia","sa","en","desktop","warehouse racking Jeddah","organic","3","topracksa.com","https://topracksa.com/en/flow-pallet-racking/?srsltid=AU7gw4WM02NFRAzE2uGi7QdiYv0RVk1fR5YBXKV73XS-HdsI2fmErDn_","Flow-Pallet-Racking 2026 | Top Rack Saudi","Top ...","https://www.google.com/search?gl=sa&hl=en&num=10&q=warehouse racking Jeddah&uule=w+CAIQICITSmVkZGFoLFNhdWRpIEFyYWJpYQ&op=warehouse racking Jeddah&sourceid=chrome&ie=UTF-8"
"2026-10-09 04:47:18","2026-10-09","Jeddah, Saudi Arabia","sa","en","desktop","warehouse racking Jeddah","organic","4","sadr.com.sa","https://www.sadr.com.sa/en/services/Racking-Systems","Warehouse Racking Systems in Saudi Arabia","We design and deliver advancedrackingsystems that transformwarehouse storageinto efficient, scalable, and safe environments.Read more","https://www.google.com/search?gl=sa&hl=en&num=10&q=warehouse racking Jeddah&uule=w+CAIQICITSmVkZGFoLFNhdWRpIEFyYWJpYQ&op=warehouse racking Jeddah&sourceid=chrome&ie=UTF-8"
"2026-10-09 04:47:18","2026-10-09","Jeddah, Saudi Arabia","sa","en","desktop","warehouse racking Jeddah","organic","5","nassguard.sa","https://nassguard.sa/product/industrial-pallet-racks-in-jeddah/","Industrial Pallet Racks in Jeddah - Nassguard Trading","Nassguard is a trusted supplier of pallet rack shelving and industrial racking systemsin Saudi Arabia, offering premium-quality storage and racking solutions ...Read more","https://www.google.com/search?gl=sa&hl=en&num=10&q=warehouse racking Jeddah&uule=w+CAIQICITSmVkZGFoLFNhdWRpIEFyYWJpYQ&op=warehouse racking Jeddah&sourceid=chrome&ie=UTF-8"
"2026-10-09 04:47:18","2026-10-09","Jeddah, Saudi Arabia","sa","en","desktop","warehouse racking Jeddah","organic","6","saudi-racks.com","https://saudi-racks.com/pallet-racking-solutions-in-saudi-arabia/","Pallet Racking Solutions in Saudi Arabia","Dec 11, 2024—Saudi Racks offers an entire range of pallet racking solutionsin Saudi Arabia to maximize warehouse space, +966534863700 sales@saudi-racks.com ...","https://www.google.com/search?gl=sa&hl=en&num=10&q=warehouse racking Jeddah&uule=w+CAIQICITSmVkZGFoLFNhdWRpIEFyYWJpYQ&op=warehouse racking Jeddah&sourceid=chrome&ie=UTF-8"
"2026-10-09 04:47:18","2026-10-09","Jeddah, Saudi Arabia","sa","en","desktop","warehouse racking Jeddah","organic","7","mffgroup.com","https://www.mffgroup.com/pallet-racking/","Pallet Racking","MFF Pallet Rackingis the simplest, most commonly used and most economical option storage system. It offers the best solutions for warehouses with palletized ...","https://www.google.com/search?gl=sa&hl=en&num=10&q=warehouse racking Jeddah&uule=w+CAIQICITSmVkZGFoLFNhdWRpIEFyYWJpYQ&op=warehouse racking Jeddah&sourceid=chrome&ie=UTF-8"
"2026-10-09 04:47:18","2026-10-09","Jeddah, Saudi Arabia","sa","en","desktop","warehouse racking Jeddah","organic","8","racksandpartition.com","https://www.racksandpartition.com/blog/racks-20/warehouse-racks-in-saudi-arabia-132","A Comprehensive Guide to Warehouse Racks in Saudi Arabia","AtRacksand Partition, we offer a wide range of high-qualitywarehouse racksdesigned to meet the unique needs of businesses in Saudi Arabia.","https://www.google.com/search?gl=sa&hl=en&num=10&q=warehouse racking Jeddah&uule=w+CAIQICITSmVkZGFoLFNhdWRpIEFyYWJpYQ&op=warehouse racking Jeddah&sourceid=chrome&ie=UTF-8"
"2026-10-09 04:47:18","2026-10-09","Jeddah, Saudi Arabia","sa","en","desktop","warehouse racking Jeddah","organic","9","instagram.com","https://www.instagram.com/p/DdTR248COaT/","Warehouse Racking System: Smarter Storage for Modern ...","A professionalindustrial rackingsystem allows businesses to create organized, scalable, and efficient warehouse environments. Explore modern ...Read more","https://www.google.com/search?gl=sa&hl=en&num=10&q=warehouse racking Jeddah&uule=w+CAIQICITSmVkZGFoLFNhdWRpIEFyYWJpYQ&op=warehouse racking Jeddah&sourceid=chrome&ie=UTF-8"
"2026-10-09 04:47:18","2026-10-09","Jeddah, Saudi Arabia","sa","en","desktop","warehouse racking Jeddah","map_local","1","","","التخزين الذكي رفوف مستودعات","In-store shopping·In-store pick-up·Delivery","https://www.google.com/search?gl=sa&hl=en&num=10&q=warehouse racking Jeddah&uule=w+CAIQICITSmVkZGFoLFNhdWRpIEFyYWJpYQ&op=warehouse racking Jeddah&sourceid=chrome&ie=UTF-8"
"2026-10-09 04:47:18","2026-10-09","Jeddah, Saudi Arabia","sa","en","desktop","warehouse racking Jeddah","map_local","2","","","ارفف المخازن WAREHOUSE SHELVES رفوف مستودعات رفوف سوبر مركت رفوف صيدليات","In-store shopping·In-store pick-up·Delivery","https://www.google.com/search?gl=sa&hl=en&num=10&q=warehouse racking Jeddah&uule=w+CAIQICITSmVkZGFoLFNhdWRpIEFyYWJpYQ&op=warehouse racking Jeddah&sourceid=chrome&ie=UTF-8"
"2026-10-09 04:47:18","2026-10-09","Jeddah, Saudi Arabia","sa","en","desktop","warehouse racking Jeddah","map_local","3","","","Power Rack Factory","","https://www.google.com/search?gl=sa&hl=en&num=10&q=warehouse racking Jeddah&uule=w+CAIQICITSmVkZGFoLFNhdWRpIEFyYWJpYQ&op=warehouse racking Jeddah&sourceid=chrome&ie=UTF-8"
"2026-10-09 04:47:18","2026-10-09","Riyadh, Saudi Arabia","sa","ar","desktop","رفوف مستودعات الرياض","organic","1","arfaf-ksa.com","https://arfaf-ksa.com/","Arfaf-KSA: Home","توريد وتجهيز المستودعات والمحلات التجاريهفك وتركيب رفوف المستودعات والمحلات باحترافيه عاليه ارفف تخزين تجهيزات السوبر ماركت والمستودعات بيع وشراء الرفوف ...","https://www.google.com/search?gl=sa&hl=ar&num=10&q=رفوف مستودعات الرياض&uule=w+CAIQICITUml5YWRoLFNhdWRpIEFyYWJpYQ&op=رفوف مستودعات الرياض&sourceid=chrome&ie=UTF-8"
"2026-10-09 04:47:18","2026-10-09","Riyadh, Saudi Arabia","sa","ar","desktop","رفوف مستودعات الرياض","organic","2","krfof.com","https://krfof.com/%D8%B1%D9%81%D9%88%D9%81-%D8%A7%D8%AD%D9%85%D8%A7%D9%84-%D8%AB%D9%82%D9%8A%D9%84%D8%A9/c492940933?srsltid=AU7gw4UjK5z4RDN7Ajb8GftN4j2bI4FJFWVamG9Qv_8ewz-s2qtqugPz","رفوف تخزين أحمال ثقيلة للمستودعات والورش","رفوف حديد سميك مجلفن تتحمل حتى 500 كجم للمستودعاتوالمصانع شحن وتركيب مجاني خلال 24 ساعة للرياض وجدة والدمام ضمان عامين ضد الانحناء.","https://www.google.com/search?gl=sa&hl=ar&num=10&q=رفوف مستودعات الرياض&uule=w+CAIQICITUml5YWRoLFNhdWRpIEFyYWJpYQ&op=رفوف مستودعات الرياض&sourceid=chrome&ie=UTF-8"
"2026-10-09 04:47:18","2026-10-09","Riyadh, Saudi Arabia","sa","ar","desktop","رفوف مستودعات الرياض","organic","3","facebook.com","https://www.facebook.com/p/0597915232-%D8%B1%D9%81%D9%88%D9%81-%D9%85%D8%B3%D8%AA%D9%88%D8%AF%D8%B9%D8%A7%D8%AA-%D8%B1%D9%81%D9%88%D9%81-%D9%85%D8%AD%D9%84%D8%A7%D8%AA-%D8%B1%D9%81%D9%88%D9%81-%D8%AA%D8%AE%D8%B2%D9%8A%D9%86-%D8%B1%D9%81%D9%88%D9%81-%D8%B3%D9%88%D8%A8%D8%B1-%D9%85%D8%A7%D8%B1%D9%83%D8%AA-61555895553454/","0597915232 رفوف مستودعات رفوف محلات رفوف تخزين ...","تنوع الوحدات:أرفف حائطية، أرفف وسطية (جندولا)، وأرفف رأسية رأسية )End Cap(. تحكم تام بالارتفاعات: تعديل زوايا وارتفاعات الأرفف بما يناسب أبعاد السلع. ملحقات ...","https://www.google.com/search?gl=sa&hl=ar&num=10&q=رفوف مستودعات الرياض&uule=w+CAIQICITUml5YWRoLFNhdWRpIEFyYWJpYQ&op=رفوف مستودعات الرياض&sourceid=chrome&ie=UTF-8"
"2026-10-09 04:47:18","2026-10-09","Riyadh, Saudi Arabia","sa","ar","desktop","رفوف مستودعات الرياض","organic","4","rfufco.com.sa","https://www.rfufco.com.sa/","رفوف مستودعات I رفوف طبالي I أرفف مخازن I رفوف تخزين ...","رفوفكو متخصصة في تصميم وتنفيذ أنظمة رفوف المستودعاتوحلول التخزين والمناولة وأتمتة المستودعات في المملكة العربية السعودية، بما في ذلك أنظمة Pallet Racking ...","https://www.google.com/search?gl=sa&hl=ar&num=10&q=رفوف مستودعات الرياض&uule=w+CAIQICITUml5YWRoLFNhdWRpIEFyYWJpYQ&op=رفوف مستودعات الرياض&sourceid=chrome&ie=UTF-8"
"2026-10-09 04:47:18","2026-10-09","Riyadh, Saudi Arabia","sa","ar","desktop","رفوف مستودعات الرياض","organic","5","haraj.com.sa","https://haraj.com.sa/search/%D8%A3%D8%B1%D9%81%D9%81%20%D8%A7%D9%84%D9%85%D8%B3%D8%AA%D9%88%D8%AF%D8%B9%D8%A7%D8%AA/","افضل عروض (أرفف المستودعات) جديد و مستعمل في السعودية","رفوف مستودعاتأرفف تخزينرفوفملفاترفوفقطع غياررفوف. بيع وشراء جميع انواع ارففالمستودعات. 1.الرياض...الرياض. قبل شهرين. و. وكيل معتمد لارففالمستودعات.","https://www.google.com/search?gl=sa&hl=ar&num=10&q=رفوف مستودعات الرياض&uule=w+CAIQICITUml5YWRoLFNhdWRpIEFyYWJpYQ&op=رفوف مستودعات الرياض&sourceid=chrome&ie=UTF-8"
"2026-10-09 04:47:18","2026-10-09","Riyadh, Saudi Arabia","sa","ar","desktop","رفوف مستودعات الرياض","organic","6","topracksa.com","https://topracksa.com/?srsltid=AU7gw4VjON9rn1LImYpEYg_uuMVAqqPfHs8SXKVfYQWXFavrteaFxDtZ","رفوف القمه: حلول أنظمة و رفوف التخزين 2026","المن ...","https://www.google.com/search?gl=sa&hl=ar&num=10&q=رفوف مستودعات الرياض&uule=w+CAIQICITUml5YWRoLFNhdWRpIEFyYWJpYQ&op=رفوف مستودعات الرياض&sourceid=chrome&ie=UTF-8"
"2026-10-09 04:47:18","2026-10-09","Riyadh, Saudi Arabia","sa","ar","desktop","رفوف مستودعات الرياض","organic","7","metalegypt.org","https://metalegypt.org/ar/blog/%D8%B1%D9%81%D9%88%D9%81-%D9%85%D8%B3%D8%AA%D9%88%D8%AF%D8%B9%D8%A7%D8%AA-%D8%A8%D8%A7%D9%84%D8%B1%D9%8A%D8%A7%D8%B6/","رفوف مستودعات بالرياض - ميتال إيجيبت - Metal Egypt","١٩‏/٠٣‏/٢٠٢٥—نقدم في ميتال ايجيبت أفضلرفوف مستودعات بالرياضحيث أعلي جودة وقوة تحمل لرفوف المستودعات في الرياض تشحن من مصر خلال أسبوعين ومطابقة ...","https://www.google.com/search?gl=sa&hl=ar&num=10&q=رفوف مستودعات الرياض&uule=w+CAIQICITUml5YWRoLFNhdWRpIEFyYWJpYQ&op=رفوف مستودعات الرياض&sourceid=chrome&ie=UTF-8"
"2026-10-09 04:47:18","2026-10-09","Riyadh, Saudi Arabia","sa","ar","desktop","رفوف مستودعات الرياض","organic","8","rfcosa.com","https://rfcosa.com/ar","رف كو - رفوف تخزين وعرض تجهيزات محلات ومستودعات","رف كو -رفوف تخزين تجهيزات محلات ومستودعاتلوازم فنادق ومكاتب بأسعار الجملة. توصيل لجميع مدن المملكة. اطلب عرض سعرك الآن من رف كو.","https://www.google.com/search?gl=sa&hl=ar&num=10&q=رفوف مستودعات الرياض&uule=w+CAIQICITUml5YWRoLFNhdWRpIEFyYWJpYQ&op=رفوف مستودعات الرياض&sourceid=chrome&ie=UTF-8"
"2026-10-09 04:47:18","2026-10-09","Riyadh, Saudi Arabia","sa","ar","desktop","رفوف مستودعات الرياض","map_local","1","","","رفوف تخزين مستودعات","""سرعة في التوصيل والتنفيذ يعطيهم الف عافيه""","https://www.google.com/search?gl=sa&hl=ar&num=10&q=رفوف مستودعات الرياض&uule=w+CAIQICITUml5YWRoLFNhdWRpIEFyYWJpYQ&op=رفوف مستودعات الرياض&sourceid=chrome&ie=UTF-8"
"2026-10-09 04:47:18","2026-10-09","Riyadh, Saudi Arabia","sa","ar","desktop","رفوف مستودعات الرياض","map_local","2","","","سراب الرياض للرفوف","""جيد واسعاره حلو والبضاعة ٦ مل للارفف والبعض يوجد عنده ٤مل وسعرة اغلى""","https://www.google.com/search?gl=sa&hl=ar&num=10&q=رفوف مستودعات الرياض&uule=w+CAIQICITUml5YWRoLFNhdWRpIEFyYWJpYQ&op=رفوف مستودعات الرياض&sourceid=chrome&ie=UTF-8"
"2026-10-09 04:47:18","2026-10-09","Riyadh, Saudi Arabia","sa","ar","desktop","رفوف مستودعات الرياض","map_local","3","","","شركة تاج الهفوف للرفوف","""محل جميل يحتوي علىرفوفستيل رائعة ورفوف بلاستيك""","https://www.google.com/search?gl=sa&hl=ar&num=10&q=رفوف مستودعات الرياض&uule=w+CAIQICITUml5YWRoLFNhdWRpIEFyYWJpYQ&op=رفوف مستودعات الرياض&sourceid=chrome&ie=UTF-8"
"2026-10-09 04:47:19","2026-10-09","Riyadh, Saudi Arabia","sa","ar","desktop","رفوف تخزين الرياض","organic","1","krfof.com","https://krfof.com/?srsltid=AU7gw4Ul8knw0zIJAHvNTo2W151sohoZf3Z0jpX6EKqKbvRccAs8e5vG","شركة خبراء الرفوف المحدودة: رفوف تخزين احترافية بأفضل الأسعار","رفوف تخزين بشحن وتركيب مجاني ; شحن مجاني. لجميع أنحاء المملكة ; توصيل وتركيب مجاني وبنفس اليوم. في الرياض، جدة، والدمام ; شحن وتركيب مجاني. خلال ٣ أيام للشرقية، ...","https://www.google.com/search?gl=sa&hl=ar&num=10&q=رفوف تخزين الرياض&uule=w+CAIQICITUml5YWRoLFNhdWRpIEFyYWJpYQ&op=رفوف تخزين الرياض&sourceid=chrome&ie=UTF-8"
"2026-10-09 04:47:19","2026-10-09","Riyadh, Saudi Arabia","sa","ar","desktop","رفوف تخزين الرياض","organic","2","shelv23.com","https://shelv23.com/","متجر بحر الرفوف التجارية","شحن وتركيب مجاني. خلال 24 ساعة فيالرياض، جدة، والدمام. · ضمان لمدة عامين. نضمن لك جودةالرفوفضد الانكسار أو الانحناء. · حمولة تصل لـ 300 كجم.رفوففولاذية مصممة ...","https://www.google.com/search?gl=sa&hl=ar&num=10&q=رفوف تخزين الرياض&uule=w+CAIQICITUml5YWRoLFNhdWRpIEFyYWJpYQ&op=رفوف تخزين الرياض&sourceid=chrome&ie=UTF-8"
"2026-10-09 04:47:19","2026-10-09","Riyadh, Saudi Arabia","sa","ar","desktop","رفوف تخزين الرياض","organic","3","rfcosa.com","https://rfcosa.com/ar/%D8%B1%D9%81%D9%88%D9%81/c1151892314","رفوف التخزين والعرض | RFCO","رفوف تخزين وعرض للمستودعات والمحلات، عالية التحمل وبمقاسات متعددة، مع خيار التركيب والبيع بالجملة.","https://www.google.com/search?gl=sa&hl=ar&num=10&q=رفوف تخزين الرياض&uule=w+CAIQICITUml5YWRoLFNhdWRpIEFyYWJpYQ&op=رفوف تخزين الرياض&sourceid=chrome&ie=UTF-8"
"2026-10-09 04:47:19","2026-10-09","Riyadh, Saudi Arabia","sa","ar","desktop","رفوف تخزين الرياض","organic","4","ksa-decor.com","https://ksa-decor.com/categories/414547/%D8%A7%D8%B1%D9%81%D9%81-%D8%A7%D9%84%D9%85%D8%B3%D8%AA%D9%88%D8%AF%D8%B9%D8%A7%D8%AA-%D9%88%D8%A7%D9%84%D8%AA%D8%AE%D8%B2%D9%8A%D9%86?srsltid=AU7gw4Xg-9kudlKnS8I3gUgIP9XV84vPxuNiIHLBIuvzHJ2MKRUQDUAp","ارفف المستودعات والتخزين","ارفف تخزين نظام اوربي صاج حديد. 345.00. 402.50 خصم 15%. متوفر بعدة خيارات ; ارفف شبك تخزين وتنظيم 4 ارفف متعدد الاستخدام لون كروم - حمولة 200KG / رف. (4). 299.00.","https://www.google.com/search?gl=sa&hl=ar&num=10&q=رفوف تخزين الرياض&uule=w+CAIQICITUml5YWRoLFNhdWRpIEFyYWJpYQ&op=رفوف تخزين الرياض&sourceid=chrome&ie=UTF-8"
"2026-10-09 04:47:19","2026-10-09","Riyadh, Saudi Arabia","sa","ar","desktop","رفوف تخزين الرياض","map_local","1","","","سراب الرياض للرفوف","""جيد واسعاره حلو والبضاعة ٦ مل للارفف والبعض يوجد عنده ٤مل وسعرة اغلى""","https://www.google.com/search?gl=sa&hl=ar&num=10&q=رفوف تخزين الرياض&uule=w+CAIQICITUml5YWRoLFNhdWRpIEFyYWJpYQ&op=رفوف تخزين الرياض&sourceid=chrome&ie=UTF-8"
"2026-10-09 04:47:19","2026-10-09","Riyadh, Saudi Arabia","sa","ar","desktop","رفوف تخزين الرياض","map_local","2","","","رفوف تخزين مستودعات","""سرعة في التوصيل والتنفيذ يعطيهم الف عافيه""","https://www.google.com/search?gl=sa&hl=ar&num=10&q=رفوف تخزين الرياض&uule=w+CAIQICITUml5YWRoLFNhdWRpIEFyYWJpYQ&op=رفوف تخزين الرياض&sourceid=chrome&ie=UTF-8"
"2026-10-09 04:47:19","2026-10-09","Riyadh, Saudi Arabia","sa","ar","desktop","رفوف تخزين الرياض","map_local","3","","","شركة تاج الهفوف للرفوف","""محل جميل يحتوي علىرفوفستيل رائعة ورفوف بلاستيك""","https://www.google.com/search?gl=sa&hl=ar&num=10&q=رفوف تخزين الرياض&uule=w+CAIQICITUml5YWRoLFNhdWRpIEFyYWJpYQ&op=رفوف تخزين الرياض&sourceid=chrome&ie=UTF-8"
"2026-10-09 04:47:40","2026-10-09","Riyadh, Saudi Arabia","sa","ar","desktop","رفوف سوبر ماركت الرياض","organic","1","rfcosa.com","https://rfcosa.com/ar/RAdDyBo","رفوف سوبرماركت جدارية بيج | RFCO","رفوف سوبر ماركت بيج. يبدأ من 356.50 SAR. متوفر; أضف المنتج للمفضلة حذف المنتج ... رفوف سوبر ماركت خشب. -. 776.25 خصم 100%. يبدأ من 672.75. نفدت الكمية. استاند ...","https://www.google.com/search?gl=sa&hl=ar&num=10&q=رفوف سوبر ماركت الرياض&uule=w+CAIQICITUml5YWRoLFNhdWRpIEFyYWJpYQ&op=رفوف سوبر ماركت الرياض&sourceid=chrome&ie=UTF-8"
"2026-10-09 04:47:40","2026-10-09","Riyadh, Saudi Arabia","sa","ar","desktop","رفوف سوبر ماركت الرياض","organic","2","haraj.com.sa","https://haraj.com.sa/search/%D8%B1%D9%81%D9%88%D9%81%20%D8%B3%D9%88%D8%A8%D8%B1%20%D9%85%D8%A7%D8%B1%D9%83%D8%AA/","افضل عروض (رفوف سوبر ماركت) جديد و مستعمل في السعودية","رفوف تخزين مستودعات رفوف بقاله رفوف سوبر ماركت رفوف للبيوت· الرياض. خلال ٧ ساعات. ج. جودة الرف للارفف · رفوف تخزين مستودعات رفوف بقاله رفوف سوبر ماركت رفوف ...","https://www.google.com/search?gl=sa&hl=ar&num=10&q=رفوف سوبر ماركت الرياض&uule=w+CAIQICITUml5YWRoLFNhdWRpIEFyYWJpYQ&op=رفوف سوبر ماركت الرياض&sourceid=chrome&ie=UTF-8"
"2026-10-09 04:47:40","2026-10-09","Riyadh, Saudi Arabia","sa","ar","desktop","رفوف سوبر ماركت الرياض","organic","3","facebook.com","https://www.facebook.com/p/0597915232-%D8%B1%D9%81%D9%88%D9%81-%D9%85%D8%B3%D8%AA%D9%88%D8%AF%D8%B9%D8%A7%D8%AA-%D8%B1%D9%81%D9%88%D9%81-%D9%85%D8%AD%D9%84%D8%A7%D8%AA-%D8%B1%D9%81%D9%88%D9%81-%D8%AA%D8%AE%D8%B2%D9%8A%D9%86-%D8%B1%D9%81%D9%88%D9%81-%D8%B3%D9%88%D8%A8%D8%B1-%D9%85%D8%A7%D8%B1%D9%83%D8%AA-61555895553454/","0597915232 رفوف مستودعات رفوف محلات رفوف تخزين ...","رفوف مترين في مترين عمق ٦٠ متوفر جميع المقاسات0597915232 رفوف مستودعات رفوف محلات رفوف تخزين رفوف سوبر ماركت https://arfaf-ksa. com/%D8%B1%D9%81%D9%88%D9%81- % ...","https://www.google.com/search?gl=sa&hl=ar&num=10&q=رفوف سوبر ماركت الرياض&uule=w+CAIQICITUml5YWRoLFNhdWRpIEFyYWJpYQ&op=رفوف سوبر ماركت الرياض&sourceid=chrome&ie=UTF-8"
"2026-10-09 04:47:40","2026-10-09","Riyadh, Saudi Arabia","sa","ar","desktop","رفوف سوبر ماركت الرياض","organic","4","elrayan-sa.com","https://www.elrayan-sa.com/%D8%B4%D8%B1%D8%A7%D8%A1-%D8%B1%D9%81%D9%88%D9%81-%D8%B3%D9%88%D8%A8%D8%B1-%D9%85%D8%A7%D8%B1%D9%83%D8%AA-%D9%85%D8%B3%D8%AA%D8%B9%D9%85%D9%84%D8%A9-%D8%A8%D8%A7%D9%84%D8%B1%D9%8A%D8%A7%D8%B6/","شراء رفوف سوبر ماركت مستعملة بالرياض 2026 | نقدًا فورًا لك","شركة الريان متخصصة في شراء رفوف وتجهيزات السوبر ماركت والبقالات والتموينات المستعملة بالرياض. نشتري الرفوف الجدارية، الجزرية، رفوف الزوايا، رفوف الكاشير، ...","https://www.google.com/search?gl=sa&hl=ar&num=10&q=رفوف سوبر ماركت الرياض&uule=w+CAIQICITUml5YWRoLFNhdWRpIEFyYWJpYQ&op=رفوف سوبر ماركت الرياض&sourceid=chrome&ie=UTF-8"
"2026-10-09 04:47:40","2026-10-09","Riyadh, Saudi Arabia","sa","ar","desktop","رفوف سوبر ماركت الرياض","organic","5","dinagrp.com","https://dinagrp.com/ar/products-category/%D8%B1%D9%81%D9%88%D9%81-%D8%B3%D9%88%D8%A8%D8%B1-%D9%85%D8%A7%D8%B1%D9%83%D8%AA/?srsltid=AU7gw4Wb1Yi3wMF4eBDyWtb3XxMKiEGN2eUNwZ7IntOMocRfZXrHXQDd","رفوف سوبر ماركت عالية الجودة لتنظيم المنتجات","أنواع رفوف السوبر ماركت ·أرفف بزاوية خارجية مستقيم. · أرفف شبكية حائطية بزاوية داخلية. · رفوف حائطية شبكية حديد. · كذلك وحدة رفوف مصمتة حديدية. · رف جزيرة عرض بوحدة ...","https://www.google.com/search?gl=sa&hl=ar&num=10&q=رفوف سوبر ماركت الرياض&uule=w+CAIQICITUml5YWRoLFNhdWRpIEFyYWJpYQ&op=رفوف سوبر ماركت الرياض&sourceid=chrome&ie=UTF-8"
"2026-10-09 04:47:40","2026-10-09","Riyadh, Saudi Arabia","sa","ar","desktop","رفوف سوبر ماركت الرياض","organic","6","arfaf-ksa.com","https://arfaf-ksa.com/","Arfaf-KSA: Home","تركيب رفوف بقاله،تركيب رفوف سوبر ماركت، تركيب رفوف صيدليه: تقدم شركات متخصصة خدمات تركيب هذه الانواع من الرفوف مع مراعاة طبيعة المكان ونوع البضائع. تجهيز سوبر ...","https://www.google.com/search?gl=sa&hl=ar&num=10&q=رفوف سوبر ماركت الرياض&uule=w+CAIQICITUml5YWRoLFNhdWRpIEFyYWJpYQ&op=رفوف سوبر ماركت الرياض&sourceid=chrome&ie=UTF-8"
"2026-10-09 04:47:40","2026-10-09","Riyadh, Saudi Arabia","sa","ar","desktop","رفوف سوبر ماركت الرياض","organic","7","metalegypt.org","https://metalegypt.org/ar/blog/supermarket-shelves-price-in-ksa/","سعر رفوف السوبر ماركت في السعودية - MetalEgypt","١١‏/٠١‏/٢٠٢٥—سعررفوف السوبر ماركتفي السعودية من ميتال ايجيبت يتراوح بين 400 الي 600 ريال سعودي والرفوف من خامات عالية التحمل تدوم لسنوات.","https://www.google.com/search?gl=sa&hl=ar&num=10&q=رفوف سوبر ماركت الرياض&uule=w+CAIQICITUml5YWRoLFNhdWRpIEFyYWJpYQ&op=رفوف سوبر ماركت الرياض&sourceid=chrome&ie=UTF-8"
"2026-10-09 04:47:40","2026-10-09","Riyadh, Saudi Arabia","sa","ar","desktop","رفوف سوبر ماركت الرياض","organic","8","ibdaa.sa","https://ibdaa.sa/supermarket-shelf,-center-rack,-white-display,-chinese-quality/p2037470953","رفوف سوبر ماركت وسط ١٠٠×٣٥×١٦٠ أبيض صيني - ابداع","رف عرض وسطي مخصص لمحلات السوبرماركت والمتاجر، مصنوع بجودة صينية عالية من خامة معدنية متينة مقاومة للصدأ والخدوش. يأتي بمقاس 100×35×160 سم ولون أبيض أنيق ...","https://www.google.com/search?gl=sa&hl=ar&num=10&q=رفوف سوبر ماركت الرياض&uule=w+CAIQICITUml5YWRoLFNhdWRpIEFyYWJpYQ&op=رفوف سوبر ماركت الرياض&sourceid=chrome&ie=UTF-8"
"2026-10-09 04:47:40","2026-10-09","Riyadh, Saudi Arabia","sa","ar","desktop","رفوف سوبر ماركت الرياض","organic","9","instagram.com","https://www.instagram.com/sarab_alriyadh/?hl=ar","‎شركة سراب الرياض للرفوف‎ (@sarab_alriyadh) · Dammam","شركة سراب الرياض للرفوفمتخصصة بتجهيز السوبر ماركت والمحلات التجارية كاملة مثل السوبرماركات والمستودعات والمخازن غيرها من مستلزمات المحلات التجاريه.","https://www.google.com/search?gl=sa&hl=ar&num=10&q=رفوف سوبر ماركت الرياض&uule=w+CAIQICITUml5YWRoLFNhdWRpIEFyYWJpYQ&op=رفوف سوبر ماركت الرياض&sourceid=chrome&ie=UTF-8"
"2026-10-09 04:47:40","2026-10-09","Riyadh, Saudi Arabia","sa","ar","desktop","رفوف سوبر ماركت الرياض","map_local","1","","","شركة تاج الهفوف للرفوف","""محل جميل يحتوي علىرفوفستيل رائعة ورفوف بلاستيك""","https://www.google.com/search?gl=sa&hl=ar&num=10&q=رفوف سوبر ماركت الرياض&uule=w+CAIQICITUml5YWRoLFNhdWRpIEFyYWJpYQ&op=رفوف سوبر ماركت الرياض&sourceid=chrome&ie=UTF-8"
"2026-10-09 04:47:40","2026-10-09","Riyadh, Saudi Arabia","sa","ar","desktop","رفوف سوبر ماركت الرياض","map_local","2","","","تموينات رفوف الخيرات","""رائعة تلبي معظم الاحتياجات.""","https://www.google.com/search?gl=sa&hl=ar&num=10&q=رفوف سوبر ماركت الرياض&uule=w+CAIQICITUml5YWRoLFNhdWRpIEFyYWJpYQ&op=رفوف سوبر ماركت الرياض&sourceid=chrome&ie=UTF-8"
"2026-10-09 04:47:40","2026-10-09","Riyadh, Saudi Arabia","sa","ar","desktop","رفوف سوبر ماركت الرياض","map_local","3","","","رفوف","""يتوفر فيه الارفف بكل انواعها واسعارهم مناسبة للجميع""","https://www.google.com/search?gl=sa&hl=ar&num=10&q=رفوف سوبر ماركت الرياض&uule=w+CAIQICITUml5YWRoLFNhdWRpIEFyYWJpYQ&op=رفوف سوبر ماركت الرياض&sourceid=chrome&ie=UTF-8"
"2026-10-09 04:47:40","2026-10-09","Riyadh, Saudi Arabia","sa","ar","desktop","رفوف بقالات الرياض","organic","1","haraj.com.sa","https://haraj.com.sa/search/%D8%A8%D9%82%D8%A7%D9%84%D9%87%20%D8%B1%D9%81%D9%88%D9%81/","افضل عروض (بقاله رفوف) جديد و مستعمل في السعودية","رفوف بقاله سوبر ماركت جديد رفوف مستودعات جديد سعر جمله· رفوف بقاله وسوبر ماركت · رفوف تخزين مستودعات ارفف منزليه طبالي بلاستيك استند بقاله · رفوف بقاله رغوف تخزين.","https://www.google.com/search?gl=sa&hl=ar&num=10&q=رفوف بقالات الرياض&uule=w+CAIQICITUml5YWRoLFNhdWRpIEFyYWJpYQ&op=رفوف بقالات الرياض&sourceid=chrome&ie=UTF-8"
"2026-10-09 04:47:40","2026-10-09","Riyadh, Saudi Arabia","sa","ar","desktop","رفوف بقالات الرياض","organic","2","haraj.cc","https://haraj.cc/114470","رفوف بقاله رفوف مستودعات رفوف سوبر ماركت رفوف مستعمل ...","يوجد لدينا جميع انواعالرفوفالسوبرماركترفوفبقالهرفوفمستودعاترفوفتخزين طاولات كاشيررفوفتخزين منازل حموله خفيف و ثقيلرفوفصيدليه وباسعار مناسبه ...","https://www.google.com/search?gl=sa&hl=ar&num=10&q=رفوف بقالات الرياض&uule=w+CAIQICITUml5YWRoLFNhdWRpIEFyYWJpYQ&op=رفوف بقالات الرياض&sourceid=chrome&ie=UTF-8"
"2026-10-09 04:47:40","2026-10-09","Riyadh, Saudi Arabia","sa","ar","desktop","رفوف بقالات الرياض","organic","3","facebook.com","https://www.facebook.com/p/0597915232-%D8%B1%D9%81%D9%88%D9%81-%D9%85%D8%B3%D8%AA%D9%88%D8%AF%D8%B9%D8%A7%D8%AA-%D8%B1%D9%81%D9%88%D9%81-%D9%85%D8%AD%D9%84%D8%A7%D8%AA-%D8%B1%D9%81%D9%88%D9%81-%D8%AA%D8%AE%D8%B2%D9%8A%D9%86-%D8%B1%D9%81%D9%88%D9%81-%D8%B3%D9%88%D8%A8%D8%B1-%D9%85%D8%A7%D8%B1%D9%83%D8%AA-61555895553454/","0597915232 رفوف مستودعات رفوف محلات رفوف تخزين ...","رفوف مترين في مترين عمق ٦٠ متوفر جميع المقاسات0597915232 رفوف مستودعات رفوف محلات رفوف تخزين رفوف سوبر ماركت https://arfaf-ksa. com/%D8%B1%D9%81%D9%88%D9%81- % ...","https://www.google.com/search?gl=sa&hl=ar&num=10&q=رفوف بقالات الرياض&uule=w+CAIQICITUml5YWRoLFNhdWRpIEFyYWJpYQ&op=رفوف بقالات الرياض&sourceid=chrome&ie=UTF-8"
"2026-10-09 04:47:40","2026-10-09","Riyadh, Saudi Arabia","sa","ar","desktop","رفوف بقالات الرياض","organic","4","haraj.com.sa","https://haraj.com.sa/search/%D8%B1%D9%81%D9%88%D9%81%20%D8%A8%D9%82%D8%A7%D9%84%D8%A9/","افضل عروض (رفوف بقالة) جديد و مستعمل في السعودية","نتائج البحث عن ""رفوف بقالة"" ·رفوف بقاله رغوف تخزين· رفوف بقاله 13 متر وسطاني 16 متر جدار · رفوف بقاله رفوف مستودع · ثلاجه عرض شغاله يبغى لها تعبيه فريون. رفوف ...","https://www.google.com/search?gl=sa&hl=ar&num=10&q=رفوف بقالات الرياض&uule=w+CAIQICITUml5YWRoLFNhdWRpIEFyYWJpYQ&op=رفوف بقالات الرياض&sourceid=chrome&ie=UTF-8"
"2026-10-09 04:47:40","2026-10-09","Riyadh, Saudi Arabia","sa","ar","desktop","رفوف بقالات الرياض","organic","5","instagram.com","https://www.instagram.com/rfwfmstwd/","rufuf takhzin (@rfwfmstwd)","رفوف#تخزين #رفوفبقاله #رفوفمستودع #ارففرفوف#رفوفسوبر ماركت تواصل 0568033884. بيع وشراء #جميع انواعالرفوففك وتركيب وشحن الى جميع المناطق ·رفوف#تخزين # ...","https://www.google.com/search?gl=sa&hl=ar&num=10&q=رفوف بقالات الرياض&uule=w+CAIQICITUml5YWRoLFNhdWRpIEFyYWJpYQ&op=رفوف بقالات الرياض&sourceid=chrome&ie=UTF-8"
"2026-10-09 04:47:40","2026-10-09","Riyadh, Saudi Arabia","sa","ar","desktop","رفوف بقالات الرياض","organic","6","instagram.com","https://www.instagram.com/reel/DSxSiROjBKd/","رفوف بقالة – صيدليات – تموينات – سوبر ماركت نوفر جميع أنواع ...","...رفوف بقالات✔️رفوفسوبر ماركت ✔️رفوفصيدليات ✔️ تجهيز محلات وتموينات بالكامل التوصيل لجميع مدن المملكة (جدة –الرياض– وباقي ...","https://www.google.com/search?gl=sa&hl=ar&num=10&q=رفوف بقالات الرياض&uule=w+CAIQICITUml5YWRoLFNhdWRpIEFyYWJpYQ&op=رفوف بقالات الرياض&sourceid=chrome&ie=UTF-8"
"2026-10-09 04:47:40","2026-10-09","Riyadh, Saudi Arabia","sa","ar","desktop","رفوف بقالات الرياض","organic","7","arfaf-ksa.com","https://arfaf-ksa.com/","Arfaf-KSA: Home","تركيب رفوف بقاله، تركيب رفوف سوبر ماركت، تركيب رفوف صيدليه: تقدم شركات متخصصة خدمات تركيب هذه الانواع من الرفوف مع مراعاة طبيعة المكان ونوع البضائع. تجهيز سوبر ...","https://www.google.com/search?gl=sa&hl=ar&num=10&q=رفوف بقالات الرياض&uule=w+CAIQICITUml5YWRoLFNhdWRpIEFyYWJpYQ&op=رفوف بقالات الرياض&sourceid=chrome&ie=UTF-8"
"2026-10-09 04:47:40","2026-10-09","Riyadh, Saudi Arabia","sa","ar","desktop","رفوف بقالات الرياض","organic","8","elrayan-sa.com","https://www.elrayan-sa.com/%D8%B4%D8%B1%D8%A7%D8%A1-%D8%B1%D9%81%D9%88%D9%81-%D8%B3%D9%88%D8%A8%D8%B1-%D9%85%D8%A7%D8%B1%D9%83%D8%AA-%D9%85%D8%B3%D8%AA%D8%B9%D9%85%D9%84%D8%A9-%D8%A8%D8%A7%D9%84%D8%B1%D9%8A%D8%A7%D8%B6/","شراء رفوف سوبر ماركت مستعملة بالرياض 2026 | نقدًا فورًا لك","نشتري رفوف وثلاجات سوبر ماركت مستعملة بالرياضمع فك ونقل من الموقع، تقييم سريع، ودفع فوري عند الاتفاق. اتصل الآن لتصفية البقالة بأفضل سعر نقدي اليوم في ...","https://www.google.com/search?gl=sa&hl=ar&num=10&q=رفوف بقالات الرياض&uule=w+CAIQICITUml5YWRoLFNhdWRpIEFyYWJpYQ&op=رفوف بقالات الرياض&sourceid=chrome&ie=UTF-8"
"2026-10-09 04:47:40","2026-10-09","Riyadh, Saudi Arabia","sa","ar","desktop","رفوف بقالات الرياض","organic","9","tiktok.com","https://www.tiktok.com/@saudsase15/video/7296495859452120328?lang=ar","رفوف مستعملة في حراج بن قاسم الجديد بالرياض | أسعار الرفوف","### دليلك الشامل لشراءالرفوفالمستعملة في حراج بن قاسم الجديدبالرياضإذا كنت تخطط لفتحبقالة، مركز تجاري، أو تحتاج إلى تنظيم مستودعك، فإن ...","https://www.google.com/search?gl=sa&hl=ar&num=10&q=رفوف بقالات الرياض&uule=w+CAIQICITUml5YWRoLFNhdWRpIEFyYWJpYQ&op=رفوف بقالات الرياض&sourceid=chrome&ie=UTF-8"
"2026-10-09 04:47:40","2026-10-09","Riyadh, Saudi Arabia","sa","ar","desktop","رفوف بقالات الرياض","map_local","1","","","سراب الرياض للرفوف","""جيد واسعاره حلو والبضاعة ٦ مل للارفف والبعض يوجد عنده ٤مل وسعرة اغلى""","https://www.google.com/search?gl=sa&hl=ar&num=10&q=رفوف بقالات الرياض&uule=w+CAIQICITUml5YWRoLFNhdWRpIEFyYWJpYQ&op=رفوف بقالات الرياض&sourceid=chrome&ie=UTF-8"
"2026-10-09 04:47:40","2026-10-09","Riyadh, Saudi Arabia","sa","ar","desktop","رفوف بقالات الرياض","map_local","2","","","انواع الرفوف للتجارة","""كانت تجربة تسوق مريحة وسلسة، وأنصح به بشدة، وبالتأكيد سأكرر الزيارة مرة أخرى.""","https://www.google.com/search?gl=sa&hl=ar&num=10&q=رفوف بقالات الرياض&uule=w+CAIQICITUml5YWRoLFNhdWRpIEFyYWJpYQ&op=رفوف بقالات الرياض&sourceid=chrome&ie=UTF-8"
"2026-10-09 04:47:40","2026-10-09","Riyadh, Saudi Arabia","sa","ar","desktop","رفوف بقالات الرياض","map_local","3","","","تموينات رفوف الخيرات","""ماشاء الله اليمنين زبطوها الحين فيها خضار وكل شيئ""","https://www.google.com/search?gl=sa&hl=ar&num=10&q=رفوف بقالات الرياض&uule=w+CAIQICITUml5YWRoLFNhdWRpIEFyYWJpYQ&op=رفوف بقالات الرياض&sourceid=chrome&ie=UTF-8"
"2026-10-09 04:47:40","2026-10-09","Riyadh, Saudi Arabia","sa","ar","desktop","رفوف صيدليات الرياض","organic","1","alyarmuk.net","https://alyarmuk.net/categories/239380/%D8%A3%D8%AF%D8%B1%D8%A7%D8%AC-%D9%88%D8%A3%D8%B1%D9%81%D9%81-%D8%B5%D9%8A%D8%AF%D9%84%D9%8A%D8%A9?srsltid=AU7gw4WMbX1R6LnM-jcydIYkI3_dliBi2_FjI5NKkEsCnJbXUtBvIjBe","أدراج وأرفف صيدلية","وحدة أرفف صيدلية جدارية 76.3سم مع 6 أرفف وخزانة سفلية· وحدة أرفف صيدلية جدارية 76.3سم مع 7 أرفف ودرج تخزين · وحدة أرفف جدارية 76سم (7 أرفف قابلة للسحب) مع درج ...","https://www.google.com/search?gl=sa&hl=ar&num=10&q=رفوف صيدليات الرياض&uule=w+CAIQICITUml5YWRoLFNhdWRpIEFyYWJpYQ&op=رفوف صيدليات الرياض&sourceid=chrome&ie=UTF-8"
"2026-10-09 04:47:40","2026-10-09","Riyadh, Saudi Arabia","sa","ar","desktop","رفوف صيدليات الرياض","organic","2","haraj.com.sa","https://haraj.com.sa/11154868706/%D8%B1%D9%81%D9%88%D9%81_%D8%B5%D9%8A%D8%AF%D9%84%D9%8A%D8%A9_%D9%84%D9%84%D8%A8%D9%8A%D8%B9_%D9%85%D8%B3%D8%AA%D8%B9%D9%85%D9%84/","رفوف صيدلية للبيع مستعمل","رفوف صيدلية للبيع مستعمل· رفوف تخزين رفوف قابلة للتعديل سوبر ماركه صيدلية · ا. رفوف. سوبر ماركت. مستودعات. صيدليات. مكاتب. · رفوف بقالة رفوف تموينات رفوف صيدليه ...","https://www.google.com/search?gl=sa&hl=ar&num=10&q=رفوف صيدليات الرياض&uule=w+CAIQICITUml5YWRoLFNhdWRpIEFyYWJpYQ&op=رفوف صيدليات الرياض&sourceid=chrome&ie=UTF-8"
"2026-10-09 04:47:40","2026-10-09","Riyadh, Saudi Arabia","sa","ar","desktop","رفوف صيدليات الرياض","organic","3","rufuft5zen.com","https://rufuft5zen.com/%D8%A3%D8%B1%D9%81%D9%81-%D8%AA%D8%AE%D8%B2%D9%8A%D9%86-%D8%B5%D9%8A%D8%AF%D9%84%D9%8A%D8%A7%D8%AA-%D8%A7%D9%84%D8%B1%D9%8A%D8%A7%D8%B6/","أرفف تخزين صيدليات الرياض 0567785164 - رفوف وتخزين","٣٠‏/١٠‏/٢٠٢٤—اليوم، تقدم شركة رفوف وتخزين حلول مبتكرة تشملتصميمات متعددة تناسب احتياجات جميع الصيدليات. من الأرفف القابلة للتعديل إلى الأنظمة الذكية التي ...","https://www.google.com/search?gl=sa&hl=ar&num=10&q=رفوف صيدليات الرياض&uule=w+CAIQICITUml5YWRoLFNhdWRpIEFyYWJpYQ&op=رفوف صيدليات الرياض&sourceid=chrome&ie=UTF-8"
"2026-10-09 04:47:40","2026-10-09","Riyadh, Saudi Arabia","sa","ar","desktop","رفوف صيدليات الرياض","organic","4","tamraf.com","https://www.tamraf.com/store-shelving/%D8%B1%D9%81%D9%88%D9%81-%D8%A7%D9%84%D8%B5%D9%8A%D8%AF%D9%84%D9%8A%D8%A7%D8%AA/","رفوف الصيدليات وأرفف محلات الصيدليات في السعودية","توفر Tamrafرفوف الصيدليات وأرفف محلات الصيدلياتالمصممة لتنظيم وعرض الأدوية ومنتجات العناية الشخصية والشامبوهات وغيرها من المنتجات التي تعرضها الصيدليات.","https://www.google.com/search?gl=sa&hl=ar&num=10&q=رفوف صيدليات الرياض&uule=w+CAIQICITUml5YWRoLFNhdWRpIEFyYWJpYQ&op=رفوف صيدليات الرياض&sourceid=chrome&ie=UTF-8"
"2026-10-09 04:47:40","2026-10-09","Riyadh, Saudi Arabia","sa","ar","desktop","رفوف صيدليات الرياض","organic","5","instagram.com","https://www.instagram.com/yasirhassan14ksa/","رفوف مستودعات رفوف تخزين‎ (@yasirhassan14ksa)","#رفوف#بقاله #رفوف#مستودعات#تخزين#رفوف#صيدليه#للتواصل#0544997322 · #رفوفبقاله #مستودعات #استندات ارففصيدليهhtts://maps.me/+966507289744 · #رفوف#مستودعات #رفوف...","https://www.google.com/search?gl=sa&hl=ar&num=10&q=رفوف صيدليات الرياض&uule=w+CAIQICITUml5YWRoLFNhdWRpIEFyYWJpYQ&op=رفوف صيدليات الرياض&sourceid=chrome&ie=UTF-8"
"2026-10-09 04:47:40","2026-10-09","Riyadh, Saudi Arabia","sa","ar","desktop","رفوف صيدليات الرياض","organic","6","metalegypt.org","https://metalegypt.org/ar/pharmacy-drawer-system/","ارفف صيدليات - MetalEgypt For Metal Structure Office Furniture","التصميم الذكي: تتميزرفوفصيدلية من ميتال إيجيبت بتصميم يتيح سهولة الوصول إلى الأدوية والمستلزمات الطبية، مما يسهل عملية التنظيم والتخزين. الجودة العالية: تصنع ...","https://www.google.com/search?gl=sa&hl=ar&num=10&q=رفوف صيدليات الرياض&uule=w+CAIQICITUml5YWRoLFNhdWRpIEFyYWJpYQ&op=رفوف صيدليات الرياض&sourceid=chrome&ie=UTF-8"
"2026-10-09 04:47:40","2026-10-09","Riyadh, Saudi Arabia","sa","ar","desktop","رفوف صيدليات الرياض","organic","7","pinterest.com","https://www.pinterest.com/1m5b3msbebo5s1m6caabclnure1zew/pharmacy/","أفكار100 {اسم المجلس } | رفوف, صيدلية, تصميم داخلي","٣١‏/٠١‏/٢٠٢٤ - استكشف لوحة عبدالله الحديثي ""Pharmacy"" على Pinterest.اطّلع على مزيد من الأفكار حولرفوف, صيدلية, تصميم داخلي.","https://www.google.com/search?gl=sa&hl=ar&num=10&q=رفوف صيدليات الرياض&uule=w+CAIQICITUml5YWRoLFNhdWRpIEFyYWJpYQ&op=رفوف صيدليات الرياض&sourceid=chrome&ie=UTF-8"
"2026-10-09 04:47:40","2026-10-09","Riyadh, Saudi Arabia","sa","ar","desktop","رفوف صيدليات الرياض","organic","8","dinagrp.com","https://dinagrp.com/ar/%D9%86%D8%B8%D8%A7%D9%85-%D8%B1%D9%81%D9%88%D9%81-%D8%A7%D9%84%D8%B5%D9%8A%D8%AF%D9%84%D9%8A%D8%A9/?srsltid=AU7gw4UQ3EfLb6cdz6I33JjfVN49gref3ZFosgMg4VaOn50RcukgZeHu","نظام رفوف الصيدلية - تصميم وتجهيز الصيدليات","٠٣‏/٠٩‏/٢٠٢٤—نظام رفوف الصيدلية من دينا؛ تصميم ذكي، عرض منظم، مبيعات أعلى ; الاستشارات والتصميم · تجهيز المعدات ; تصميم عصري وجذاب · استغلال أمثل للمساحة.","https://www.google.com/search?gl=sa&hl=ar&num=10&q=رفوف صيدليات الرياض&uule=w+CAIQICITUml5YWRoLFNhdWRpIEFyYWJpYQ&op=رفوف صيدليات الرياض&sourceid=chrome&ie=UTF-8"
"2026-10-09 04:47:40","2026-10-09","Riyadh, Saudi Arabia","sa","ar","desktop","رفوف صيدليات الرياض","organic","9","clinicfeed.com","https://clinicfeed.com/ar/ar-4-ar-97/?srsltid=AU7gw4W3wOPMVPaZjCiS7ZToB8YRMOqEuHG6JQV0DOe6SwJOmmihC3AV","ادراج وارفف الصيدلية :: أثاث طبي :: المستلزمات والأجهزة الطبية","ادراجوارفف الصيدلية · عربة صغيرة / MI3706 · وحدة أدراج صيدلية مدمجة بعمق 55سم (14 درج) · وحدة ارفف من4رفوف 70سم قابله لتعديل الارتفاع من الحديد المجلفن · وحدة أرفف ...","https://www.google.com/search?gl=sa&hl=ar&num=10&q=رفوف صيدليات الرياض&uule=w+CAIQICITUml5YWRoLFNhdWRpIEFyYWJpYQ&op=رفوف صيدليات الرياض&sourceid=chrome&ie=UTF-8"
"2026-10-09 04:47:40","2026-10-09","Riyadh, Saudi Arabia","sa","ar","desktop","تجهيز محلات الرياض","organic","1","haraj.com.sa","https://haraj.com.sa/1111495662/%D8%AA%D8%AC%D9%87%D9%8A%D8%B2_%D8%A7%D9%84%D9%85%D8%AD%D9%84%D8%A7%D8%AA_%D8%A7%D9%84%D8%AA%D8%AC%D8%A7%D8%B1%D9%8A%D8%A9_%D8%A8%D8%A7%D9%84%D8%B1%D9%8A%D8%A7%D8%B6/","تجهيز المحلات التجارية بالرياض","تجهيز افتتاح المحلات التجارية في الرياض· متخصصين في تجهيز المحلات التجارية ومستودعات بسعار مناسبه · تجهيز وتنظيم افتتاح المحلات التجارية بمكة · تجهيز محلات تجارية ...","https://www.google.com/search?gl=sa&hl=ar&num=10&q=تجهيز محلات الرياض&uule=w+CAIQICITUml5YWRoLFNhdWRpIEFyYWJpYQ&op=تجهيز محلات الرياض&sourceid=chrome&ie=UTF-8"
"2026-10-09 04:47:40","2026-10-09","Riyadh, Saudi Arabia","sa","ar","desktop","تجهيز محلات الرياض","organic","2","ksa-decor.com","https://ksa-decor.com/?srsltid=AU7gw4XaECvtjUBvR1q3f9xTfrLSFma2XhohYLQvNjomwqOjBswx6U1p","الشامل للديكور للتجهيز المحلات التجارية توفير أنظمة حصرية ...","استخدم كـــود ( R96 ) خصم لمشتريات أكثر من 299 ·استاندات العبايات والملابس· عربات خدمة و ضيافة · علاقات الملابس متنوعة · المرايات · منظمات المكياج ومستلزمات ...","https://www.google.com/search?gl=sa&hl=ar&num=10&q=تجهيز محلات الرياض&uule=w+CAIQICITUml5YWRoLFNhdWRpIEFyYWJpYQ&op=تجهيز محلات الرياض&sourceid=chrome&ie=UTF-8"
"2026-10-09 04:47:40","2026-10-09","Riyadh, Saudi Arabia","sa","ar","desktop","تجهيز محلات الرياض","organic","3","rfcosa.com","https://rfcosa.com/ar/category/OXEglm","تجهيزات المحلات التجارية | RFCO","مجموعة متكاملة منتجهيزات المحلاتالتجارية تشمل استندات العرض، الرفوف، الميازين، وسلال عرض المنتجات، لتناسب مختلف أنواع المتاجر.","https://www.google.com/search?gl=sa&hl=ar&num=10&q=تجهيز محلات الرياض&uule=w+CAIQICITUml5YWRoLFNhdWRpIEFyYWJpYQ&op=تجهيز محلات الرياض&sourceid=chrome&ie=UTF-8"
"2026-10-09 04:47:40","2026-10-09","Riyadh, Saudi Arabia","sa","ar","desktop","تجهيز محلات الرياض","organic","4","areejfordecor.com","https://areejfordecor.com/","لمسة أريج للديكور | تجهيز المحلات التجارية بالرياض وجدة والدمام","لمسة أريج للديكور — الشريك الأول لتجهيزالمحلاتوالمعارض التجارية في السعودية. أستاندات ملابس، علاقات عرض، مانيكانات، رفوف معدنية،تجهيزشامل بأسعار الجملة.","https://www.google.com/search?gl=sa&hl=ar&num=10&q=تجهيز محلات الرياض&uule=w+CAIQICITUml5YWRoLFNhdWRpIEFyYWJpYQ&op=تجهيز محلات الرياض&sourceid=chrome&ie=UTF-8"
"2026-10-09 04:47:40","2026-10-09","Riyadh, Saudi Arabia","sa","ar","desktop","تجهيز محلات الرياض","organic","5","lmst-areej.sa","https://lmst-areej.sa/ar/%D8%AF%D9%8A%D9%83%D9%88%D8%B1-%D8%AA%D8%AC%D9%87%D9%8A%D8%B2-%D9%85%D8%AD%D9%84%D8%A7%D8%AA-%D8%AA%D8%AC%D8%A7%D8%B1%D9%8A%D8%A9/c1563307317?srsltid=AU7gw4UfKlocCJlO8E598TqXBHSEYndT0TrTdZaGQ9bkKmYYU448-ys2","ديكور تجهيز محلات تجارية","شركة متخصصة في ديكور وتجهيز المحلات والمعارض التجاريةبسعر الجمله خبرة في السوق أكثر من 15 سنة بيع كافة تجهيزات المعارض من استاندات العرض وجميع انواع علاقات ...","https://www.google.com/search?gl=sa&hl=ar&num=10&q=تجهيز محلات الرياض&uule=w+CAIQICITUml5YWRoLFNhdWRpIEFyYWJpYQ&op=تجهيز محلات الرياض&sourceid=chrome&ie=UTF-8"
"2026-10-09 04:47:40","2026-10-09","Riyadh, Saudi Arabia","sa","ar","desktop","تجهيز محلات الرياض","organic","6","lmst-areej.sa","https://lmst-areej.sa/ar?srsltid=AU7gw4XS3l_Tcr0WtUXTkJi6VMWS_ileLEss4y7rZQhezIPBsLT4AWV3","لمسة أريج للديكور وتجهيز المحلات التجارية بالجملة","لمسة أريج للديكورأكبر موقع لتجهيز المحلات والمعارض التجارية بالجملة. مانيكان وعلاقات وأستاندات ملابس - أرفف عرض وحواجز تنظيم بجودة عالية وأسعار تنافسية ...","https://www.google.com/search?gl=sa&hl=ar&num=10&q=تجهيز محلات الرياض&uule=w+CAIQICITUml5YWRoLFNhdWRpIEFyYWJpYQ&op=تجهيز محلات الرياض&sourceid=chrome&ie=UTF-8"
"2026-10-09 04:47:40","2026-10-09","Riyadh, Saudi Arabia","sa","ar","desktop","تجهيز محلات الرياض","organic","7","sahelha.app","https://sahelha.app/services/saudi/riyadh/shop-fitout/","شركة تجهيز محلات بالرياض | تشطيب وتجهيز المحلات التجارية","شركة تجهيز محلات بالرياض ...تجهيز وتشطيب المحلات التجارية والمعارض بأعلى جودة، من خلال فنيين متخصصين ومعتمدين في الرياض. 4.8تقييم العملاء. +500فني متخصص.","https://www.google.com/search?gl=sa&hl=ar&num=10&q=تجهيز محلات الرياض&uule=w+CAIQICITUml5YWRoLFNhdWRpIEFyYWJpYQ&op=تجهيز محلات الرياض&sourceid=chrome&ie=UTF-8"
"2026-10-09 04:47:40","2026-10-09","Riyadh, Saudi Arabia","sa","ar","desktop","تجهيز محلات الرياض","organic","8","tiktok.com","https://www.tiktok.com/@saudsase15/video/7243822190431440146?lang=ar","محلات شارع الخزان بالرياض: كل ما يخص تجهيز محلاتك من أرفف ...","**موقع الشارع:** يقع شارع الخزان، الذي كان يُعرف سابقًا باسم شارع الإمام فيصل بن تركي بن عبدالله، في قلبالرياض. سواء كنت تبحث عن شراء أو بيع، ...","https://www.google.com/search?gl=sa&hl=ar&num=10&q=تجهيز محلات الرياض&uule=w+CAIQICITUml5YWRoLFNhdWRpIEFyYWJpYQ&op=تجهيز محلات الرياض&sourceid=chrome&ie=UTF-8"
"2026-10-09 04:47:40","2026-10-09","Riyadh, Saudi Arabia","sa","ar","desktop","تجهيز محلات الرياض","map_local","1","","","مؤسسة حمد راشد القبس لديكورات المعارض وتجهيز المحلات التجاريه والرفوف","التسوّق داخل المتجر·الاستلام داخل المتجر·خدمة التوصيل","https://www.google.com/search?gl=sa&hl=ar&num=10&q=تجهيز محلات الرياض&uule=w+CAIQICITUml5YWRoLFNhdWRpIEFyYWJpYQ&op=تجهيز محلات الرياض&sourceid=chrome&ie=UTF-8"
"2026-10-09 04:47:40","2026-10-09","Riyadh, Saudi Arabia","sa","ar","desktop","تجهيز محلات الرياض","map_local","2","","","معرض المعارض للديكور لتجهيز المحلات التجارية ( الفرع 2 )","""معرض راقي وديكوراته وعرضة من ارقى المعارض في شارع الخزان""","https://www.google.com/search?gl=sa&hl=ar&num=10&q=تجهيز محلات الرياض&uule=w+CAIQICITUml5YWRoLFNhdWRpIEFyYWJpYQ&op=تجهيز محلات الرياض&sourceid=chrome&ie=UTF-8"
"2026-10-09 04:47:40","2026-10-09","Riyadh, Saudi Arabia","sa","ar","desktop","تجهيز محلات الرياض","map_local","3","","","الشامل للديكور","""ماء شاء الله تبارك الله عندهم بضاعه حلوه واسعارهم زينه""","https://www.google.com/search?gl=sa&hl=ar&num=10&q=تجهيز محلات الرياض&uule=w+CAIQICITUml5YWRoLFNhdWRpIEFyYWJpYQ&op=تجهيز محلات الرياض&sourceid=chrome&ie=UTF-8"
"2026-10-09 04:47:40","2026-10-09","Riyadh, Saudi Arabia","sa","en","desktop","warehouse racking Riyadh","organic","1","alesayistorage.com","https://alesayistorage.com/","Alesayi Storage Systems: Racking, Shelving & Storage ...","We have a wide array ofracking, shelving andstoragesolutions for all yourwarehousingneeds. ...Riyadh: +966 53 281 9650 · Dammam: +966 53 234 8501. Copyright ...Read more","https://www.google.com/search?gl=sa&hl=en&num=10&q=warehouse racking Riyadh&uule=w+CAIQICITUml5YWRoLFNhdWRpIEFyYWJpYQ&op=warehouse racking Riyadh&sourceid=chrome&ie=UTF-8"
"2026-10-09 04:47:40","2026-10-09","Riyadh, Saudi Arabia","sa","en","desktop","warehouse racking Riyadh","organic","2","sadr.com.sa","https://www.sadr.com.sa/en/services/Racking-Systems","Warehouse Racking Systems in Saudi Arabia","We design and deliver advancedrackingsystems that transformwarehouse storageinto efficient, scalable, and safe environments.Read more","https://www.google.com/search?gl=sa&hl=en&num=10&q=warehouse racking Riyadh&uule=w+CAIQICITUml5YWRoLFNhdWRpIEFyYWJpYQ&op=warehouse racking Riyadh&sourceid=chrome&ie=UTF-8"
"2026-10-09 04:47:40","2026-10-09","Riyadh, Saudi Arabia","sa","en","desktop","warehouse racking Riyadh","organic","3","topracksa.com","https://topracksa.com/en/tag/riyadh/?srsltid=AU7gw4XAawHARv_bxbai00GXUyEdtNAxAqeMsx4FFq1AmuwzmEs3EPXH","Riyadh Archives | Top Rack Saudi","When it comes toefficient warehouse storage solutions in Riyadh, Saudi Arabia, Top Rack is the name you can trust. As a leading supplier of warehouse shelving ...Read more","https://www.google.com/search?gl=sa&hl=en&num=10&q=warehouse racking Riyadh&uule=w+CAIQICITUml5YWRoLFNhdWRpIEFyYWJpYQ&op=warehouse racking Riyadh&sourceid=chrome&ie=UTF-8"
"2026-10-09 04:47:40","2026-10-09","Riyadh, Saudi Arabia","sa","en","desktop","warehouse racking Riyadh","organic","4","findakar.com","https://findakar.com/en/top-rack-warehouse-racking-supplier-in-riyadh-saudi-arabia/","Top Rack Warehouse Racking Supplier In Riyadh, Saudi Arabia","Jan 18, 2024—Look ...","https://www.google.com/search?gl=sa&hl=en&num=10&q=warehouse racking Riyadh&uule=w+CAIQICITUml5YWRoLFNhdWRpIEFyYWJpYQ&op=warehouse racking Riyadh&sourceid=chrome&ie=UTF-8"
"2026-10-09 04:47:40","2026-10-09","Riyadh, Saudi Arabia","sa","en","desktop","warehouse racking Riyadh","organic","5","refro-tech.co","https://refro-tech.co/services-2/comprehensive-warehousing-solutions/","Comprehensive Warehousing Solutions in Saudi Arabia​","Central to efficient warehouse operations is our range ofpallet racking systems, including selective, drive-in, mobile, and gravity flow options. Advanced ...Read more","https://www.google.com/search?gl=sa&hl=en&num=10&q=warehouse racking Riyadh&uule=w+CAIQICITUml5YWRoLFNhdWRpIEFyYWJpYQ&op=warehouse racking Riyadh&sourceid=chrome&ie=UTF-8"
"2026-10-09 04:47:40","2026-10-09","Riyadh, Saudi Arabia","sa","en","desktop","warehouse racking Riyadh","organic","6","facebook.com","https://www.facebook.com/p/Riyadh-Racks-%D8%B1%D9%81%D9%88%D9%81-%D8%A7%D9%84%D8%B1%D9%8A%D8%A7%D8%B6-61578672573564/","Riyadh Racks رفوف الرياض","We supply high-quality warehouse racks including:Based in Riyadh📞 WhatsApp: +966 50 474 2302","https://www.google.com/search?gl=sa&hl=en&num=10&q=warehouse racking Riyadh&uule=w+CAIQICITUml5YWRoLFNhdWRpIEFyYWJpYQ&op=warehouse racking Riyadh&sourceid=chrome&ie=UTF-8"
"2026-10-09 04:47:40","2026-10-09","Riyadh, Saudi Arabia","sa","en","desktop","warehouse racking Riyadh","organic","7","topracksa.com","https://topracksa.com/en/drive-in-pallet-racking/?srsltid=AU7gw4VzrsTKxxlAQAkstf9T-gFpj3izspz7p5KQZI869BMN95I8tJsv","DRIVE-IN PALLET RACKING Top Rack Saudi 2026 Drive ...","Top...Read more","https://www.google.com/search?gl=sa&hl=en&num=10&q=warehouse racking Riyadh&uule=w+CAIQICITUml5YWRoLFNhdWRpIEFyYWJpYQ&op=warehouse racking Riyadh&sourceid=chrome&ie=UTF-8"
"2026-10-09 04:47:40","2026-10-09","Riyadh, Saudi Arabia","sa","en","desktop","warehouse racking Riyadh","organic","8","officefurniture.sa","https://officefurniture.sa/product/high-quality-medium-duty-2-meter-high-warehouse-shelves-multi-layer-stacking-racks-shelves/","High Quality Medium Duty 2-Meter Warehouse Shelves ...","Our lightweight shelving unit has a remarkable load-bearing capacity of 50~500KG per layer, there by significantly optimizingwarehousespace and enhancing","https://www.google.com/search?gl=sa&hl=en&num=10&q=warehouse racking Riyadh&uule=w+CAIQICITUml5YWRoLFNhdWRpIEFyYWJpYQ&op=warehouse racking Riyadh&sourceid=chrome&ie=UTF-8"
"2026-10-09 04:47:40","2026-10-09","Riyadh, Saudi Arabia","sa","en","desktop","warehouse racking Riyadh","organic","9","racksandpartition.com","https://www.racksandpartition.com/blog/racks-20/warehouse-racks-in-saudi-arabia-132","A Comprehensive Guide to Warehouse Racks in Saudi Arabia","A Comprehensive Guide to Warehouse Racks in Saudi Arabia ·Push-Back Racking· Pallet Flow Racking · Cantilever Racking · Mezzanine Racking.Read more","https://www.google.com/search?gl=sa&hl=en&num=10&q=warehouse racking Riyadh&uule=w+CAIQICITUml5YWRoLFNhdWRpIEFyYWJpYQ&op=warehouse racking Riyadh&sourceid=chrome&ie=UTF-8"
"2026-10-09 04:47:40","2026-10-09","Riyadh, Saudi Arabia","sa","en","desktop","warehouse racking Riyadh","map_local","1","","","Top Rack Saudi","In-store pick-up·Delivery","https://www.google.com/search?gl=sa&hl=en&num=10&q=warehouse racking Riyadh&uule=w+CAIQICITUml5YWRoLFNhdWRpIEFyYWJpYQ&op=warehouse racking Riyadh&sourceid=chrome&ie=UTF-8"
"2026-10-09 04:47:40","2026-10-09","Riyadh, Saudi Arabia","sa","en","desktop","warehouse racking Riyadh","map_local","2","","","Shelves Land","","https://www.google.com/search?gl=sa&hl=en&num=10&q=warehouse racking Riyadh&uule=w+CAIQICITUml5YWRoLFNhdWRpIEFyYWJpYQ&op=warehouse racking Riyadh&sourceid=chrome&ie=UTF-8"
"2026-10-09 04:47:40","2026-10-09","Riyadh, Saudi Arabia","sa","en","desktop","warehouse racking Riyadh","map_local","3","","","Harmony Racking Solutions Company","Their website mentionspallet racking","https://www.google.com/search?gl=sa&hl=en&num=10&q=warehouse racking Riyadh&uule=w+CAIQICITUml5YWRoLFNhdWRpIEFyYWJpYQ&op=warehouse racking Riyadh&sourceid=chrome&ie=UTF-8"
